student_id,dataset_source,sleep_hours,academic_score,gender,age,bedtime_consistency,daytime_sleep_minutes,cumulative_gpa,sleep_category
CMU_185,CMU,7.203333333333333,84.5,Female,,-0.11040203899540245,24.16,3.0,Adequate
CMU_158,CMU,6.532183908333334,65.0,Female,,-0.13250159669165704,13.13793103,3.66,Insufficient
CMU_209,CMU,5.738405796666667,76.75,Female,,-0.9279384277246121,14.95652174,3.57,Poor
CMU_102,CMU,6.543678161666667,89.0,Female,,-0.12234900020135901,54.55172414,3.61,Insufficient
CMU_174,CMU,7.057017543333333,100.0,Female,,-0.12237770663740043,10.52631579,3.21,Adequate
CMU_184,CMU,6.623333333333333,84.0,Female,,-0.1901930162443642,22.36,3.2,Insufficient
CMU_255,CMU,5.809876543333333,79.75,Female,,-0.5161050558071721,20.51851852,3.4,Poor
CMU_265,CMU,7.0351851850000005,82.0,Female,,-0.12188302719253942,17.03703704,3.86,Adequate
CMU_343,CMU,7.57202381,87.5,Male,,-0.9070395666996913,52.67857143,3.79,Adequate
CMU_137,CMU,5.149425286666667,63.74999999999999,Female,,-0.08158031325965076,85.48275862,3.53,Poor
CMU_279,CMU,5.243103448333333,87.25,Female,,-0.15573591467828748,21.4137931,3.61,Poor
CMU_220,CMU,6.369871795,94.0,Female,,-0.06281286680222534,2.269230769,3.82,Insufficient
CMU_337,CMU,6.4954022983333335,93.5,Female,,-0.08558657385621386,14.55172414,3.33,Insufficient
CMU_323,CMU,6.095402298333334,100.0,Male,,-0.20219695350120004,27.55172414,4.0,Insufficient
CMU_216,CMU,6.0,89.0,Female,,-0.13196394469460665,34.06896552,3.16,Poor
CMU_125,CMU,6.112643678333333,80.0,Male,,-0.2206577546801996,10.24137931,3.0,Insufficient
CMU_211,CMU,4.868390805000001,69.5,Female,,-0.2110985114010797,9.379310345,3.77,Poor
CMU_316,CMU,7.435507246666666,70.75,Female,,-0.1627514265682363,23.13043478,3.71,Adequate
CMU_178,CMU,6.1954545450000005,94.5,Male,,-1.112858476131871,42.90909091,3.82,Insufficient
CMU_153,CMU,7.3258620683333335,82.5,Female,,-0.03900060912447433,12.24137931,3.1,Adequate
CMU_130,CMU,5.986206896666667,86.0,Female,,-0.05906778799106616,6.103448276,4.0,Poor
CMU_303,CMU,6.413793103333333,76.25,Female,,-0.09955896184214916,20.20689655,3.17,Insufficient
CMU_160,CMU,6.204166666666667,95.5,Female,,-0.06050483393627084,25.03571429,4.0,Insufficient
CMU_295,CMU,6.706944445,75.0,Female,,-0.34093162802455373,10.91666667,3.47,Insufficient
CMU_353,CMU,6.014367816666667,95.25,Female,,-0.05900399448555681,22.13793103,3.62,Insufficient
CMU_172,CMU,7.385632183333333,65.25,Male,,-0.05142174043800339,23.79310345,2.91,Adequate
CMU_190,CMU,6.263333333333334,79.25,Male,,-0.24059948846212376,28.04,3.79,Insufficient
CMU_197,CMU,5.599275361666667,66.75,Male,,-0.5752417847928688,20.73913043,1.57,Poor
CMU_222,CMU,6.124074073333333,85.0,,,-0.14945242457605684,16.25925926,3.5,Insufficient
CMU_181,CMU,6.801923076666667,100.0,Female,,-0.08896036506122049,12.11538462,4.0,Insufficient
CMU_198,CMU,6.187931035,73.5,Female,,-0.14222765912601087,106.4482759,3.3,Insufficient
CMU_299,CMU,5.00625,42.5,Female,,-1.0006690983653055,9.0,3.28,Poor
CMU_142,CMU,6.219540230000001,95.25,Male,,-0.09207300945404215,23.65517241,4.0,Insufficient
CMU_163,CMU,7.164367816666667,86.5,Male,,-0.22497209371111937,52.65517241,3.52,Adequate
CMU_236,CMU,6.522,87.75,Male,,-0.1740335442404889,30.76,3.29,Insufficient
CMU_247,CMU,6.098611111666667,95.25,Male,,-0.2565076347663852,28.16666667,3.72,Insufficient
CMU_261,CMU,5.707575758333333,95.0,Male,,-0.18134633975769612,21.95454545,3.76,Poor
CMU_301,CMU,4.8913793100000005,94.25,Male,,-0.08903343583334312,31.89655172,4.0,Poor
CMU_129,CMU,6.855172413333333,85.0,Female,,-0.08625440614280928,18.65517241,4.0,Insufficient
CMU_133,CMU,7.9653846150000005,95.75,Female,,-0.49876950676865484,22.03846154,3.48,Adequate
CMU_179,CMU,7.460919540000001,60.75000000000001,Female,,-0.08641658238438447,18.96551724,3.07,Adequate
CMU_201,CMU,7.404761905,94.75,Female,,-0.19214901706253795,22.10714286,3.71,Adequate
CMU_254,CMU,7.389655171666666,100.0,Female,,-0.040119707014103285,13.79310345,3.8,Adequate
CMU_308,CMU,6.684615385,84.75,Female,,-0.10387741600904117,11.42307692,3.74,Insufficient
CMU_258,CMU,6.875595238333333,88.75,Male,,-0.12181931623862775,14.75,3.76,Insufficient
CMU_281,CMU,7.3681818183333325,87.5,Male,,-1.5350555435908961,14.09090909,3.46,Adequate
CMU_145,CMU,6.775333333333333,76.5,Female,,-0.08379500759804935,39.0,3.72,Insufficient
CMU_167,CMU,7.432051281666667,100.0,Female,,-0.14155627333920773,14.26923077,4.0,Adequate
CMU_168,CMU,6.771264368333333,89.75,Female,,-0.05592337838642404,5.862068966,3.23,Insufficient
CMU_223,CMU,7.025,42.25,Female,,-1.020933830369819,46.5,3.2,Adequate
CMU_233,CMU,6.049019608333333,61.5,Female,,-0.23309216335401947,18.11764706,2.62,Insufficient
CMU_304,CMU,6.0398809516666665,85.25,Female,,-0.09770405039019078,50.57142857,3.0,Insufficient
CMU_123,CMU,7.331034483333334,100.0,Male,,-0.020422474366972303,13.4137931,3.46,Adequate
CMU_189,CMU,6.324712643333333,89.0,Female,,-0.18835608070752285,14.20689655,4.0,Insufficient
CMU_191,CMU,6.297222221666667,100.0,Female,,-0.09027854323474935,23.83333333,4.0,Insufficient
CMU_215,CMU,7.0787356316666665,100.0,Female,,-0.030221448662319655,11.65517241,3.79,Adequate
CMU_291,CMU,7.2217391300000005,57.99999999999999,Female,,-0.22573523160765466,25.39130435,1.21,Adequate
CMU_208,CMU,6.374404761666667,88.25,Male,,-0.3560031365266584,37.07142857,2.65,Insufficient
CMU_326,CMU,6.657843136666667,44.75,Male,,-1.0757465113143254,29.52941176,1.94,Insufficient
CMU_332,CMU,5.991666666666666,92.25,Female,,-0.30404556696917406,23.83333333,3.4,Poor
CMU_234,CMU,5.057051281666667,74.5,Male,,-0.67393128771144,29.53846154,1.91,Poor
CMU_104,CMU,6.292753623333334,82.5,Female,,-0.13323943963539592,49.43478261,3.21,Insufficient
CMU_173,CMU,6.669753086666666,76.5,Female,,-0.03555370365400369,10.59259259,2.93,Insufficient
CMU_241,CMU,6.558695651666667,90.0,Female,,-0.21735271192180325,39.86956522,3.81,Insufficient
CMU_349,CMU,7.179166666666666,90.25,Female,,-0.10165467811621903,18.625,3.44,Adequate
CMU_357,CMU,6.631410256666666,100.0,Female,,-0.21082298629806673,22.73076923,4.0,Insufficient
CMU_152,CMU,6.639393940000001,100.0,Male,,-0.1599883690287638,55.72727273,3.98,Insufficient
CMU_196,CMU,7.607738095,79.5,Male,,-0.10152566902370867,20.96428571,3.79,Adequate
CMU_204,CMU,6.559649123333333,69.0,Male,,-1.0555005448104255,66.36842105,2.15,Insufficient
CMU_289,CMU,6.678571428333333,80.75,Male,,-0.25996823396994023,60.61904762,2.76,Insufficient
CMU_109,CMU,7.047126436666667,65.0,Female,,-0.06670188905629729,8.862068966,3.09,Adequate
CMU_176,CMU,6.974,58.25,Female,,-0.1103109158821214,32.76,2.5,Insufficient
CMU_214,CMU,7.957142856666667,100.0,Female,,-0.21516453949425673,23.21428571,4.0,Adequate
CMU_218,CMU,7.368452381666667,100.0,Female,,-0.09746419551861157,9.714285714,4.0,Adequate
CMU_278,CMU,4.447222221666666,89.0,Female,,-0.5721422765678548,162.6666667,2.98,Poor
CMU_305,CMU,6.023809523333333,81.5,Female,,-0.09615157663979988,15.28571429,3.52,Insufficient
CMU_306,CMU,5.508045976666667,74.5,Female,,-0.36041051738809926,37.79310345,3.56,Poor
CMU_116,CMU,6.48974359,80.0,Male,,-0.7788438234987303,23.84615385,2.82,Insufficient
CMU_120,CMU,7.426785714999999,100.0,Male,,-0.14071110829637123,22.28571429,3.8,Adequate
CMU_147,CMU,6.581111111666667,100.0,Male,,-0.28117283827849826,67.46666667,4.0,Insufficient
CMU_164,CMU,6.46547619,76.0,Male,,-0.016127442856003628,31.82142857,3.26,Insufficient
CMU_171,CMU,6.912000000000001,81.25,Male,,-0.07555839863364082,17.76,3.77,Insufficient
CMU_175,CMU,5.122435896666667,90.0,Male,,-0.19357430316210703,17.76923077,3.4,Poor
CMU_183,CMU,7.293678161666667,79.75,Male,,-0.034205253853505924,24.5862069,3.41,Adequate
CMU_249,CMU,6.569047618333333,84.5,Male,,-0.27913484651386683,17.07142857,3.61,Insufficient
CMU_310,CMU,6.641666666666667,84.5,Male,,-0.16426555640653373,7.6,3.35,Insufficient
CMU_356,CMU,5.0625,34.5,Male,,-0.14565012339738553,11.875,3.22,Poor
CMU_200,CMU,7.731884058333334,94.25,Female,,-0.3622541059302453,30.60869565,3.71,Adequate
CMU_280,CMU,5.880208333333333,87.5,Female,,-0.17521405406472518,37.5,2.33,Poor
CMU_194,CMU,6.175396825000001,84.5,Male,,-0.10448826025366341,27.76190476,3.76,Insufficient
CMU_311,CMU,6.304166666666666,62.25000000000001,Female,,-0.15984902537366158,38.21428571,3.21,Insufficient
CMU_346,CMU,6.024561403333333,87.0,Female,,-0.08128520898744354,19.89473684,3.74,Insufficient
CMU_347,CMU,7.426436781666666,93.5,Female,,-0.09072071156069926,31.89655172,3.74,Adequate
CMU_134,CMU,7.168055555,85.25,Male,,-0.2801832967800121,22.33333333,3.79,Adequate
CMU_313,CMU,6.301282051666666,61.75000000000001,Female,,-0.2399553922327728,21.65384615,3.29,Insufficient
CMU_334,CMU,6.48030303,65.0,Female,,-0.1579400573445373,13.77272727,3.21,Insufficient
CMU_338,CMU,6.4773809516666665,71.75,Female,,-0.620577371595687,47.92857143,3.29,Insufficient
CMU_309,CMU,7.310493826666667,60.0,Male,,-0.09406209126575352,48.03703704,2.57,Adequate
CMU_148,CMU,5.4104938266666665,70.0,Female,,-0.35269373874790094,21.66666667,2.0,Poor
CMU_180,CMU,9.572413793333334,90.0,Female,,-0.03091285694023252,15.75862069,3.49,Optimal
CMU_202,CMU,5.006321838333333,75.0,Female,,-0.15976142838375712,61.34482759,1.95,Poor
CMU_229,CMU,6.129861111666667,93.75,Female,,-0.2565949841282608,28.41666667,3.0,Insufficient
CMU_266,CMU,6.011494253333334,60.0,Female,,-0.15328478047316652,33.89655172,3.07,Insufficient
CMU_284,CMU,6.3886666666666665,90.0,Female,,-0.5344720705840249,26.28,3.0,Insufficient
CMU_287,CMU,6.648765431666666,90.0,Female,,-0.20452119376957945,21.48148148,3.39,Insufficient
CMU_288,CMU,7.675308641666667,65.0,Female,,-0.15776698482137197,24.85185185,3.57,Adequate
CMU_292,CMU,5.822549019999999,95.0,Female,,-0.21966354470918956,14.41176471,3.39,Poor
CMU_302,CMU,5.441666666666666,85.0,Female,,-0.12625627086017055,34.80769231,3.25,Poor
CMU_307,CMU,6.6648809516666665,78.25,Female,,-0.14146886735817096,17.39285714,2.67,Insufficient
CMU_333,CMU,6.010144928333333,100.0,Female,,-0.1285427154659637,23.08695652,3.79,Insufficient
CMU_144,CMU,7.187931035,68.25,Male,,-0.09954164180079007,17.79310345,3.05,Adequate
CMU_264,CMU,6.86439394,85.0,Male,,-0.2928444613626896,26.13636364,2.91,Insufficient
CMU_322,CMU,7.031547618333334,84.0,Male,,-0.17898507693019067,40.92857143,2.9,Adequate
CMU_329,CMU,7.76547619,78.0,Male,,-0.21145317071618186,31.71428571,2.84,Adequate
CMU_149,CMU,6.710869564999999,69.25,Male,,-0.1545825028639832,10.52173913,2.49,Insufficient
CMU_240,CMU,6.1741379316666665,80.5,Male,,-0.05355655068972152,20.20689655,3.8,Insufficient
CMU_276,CMU,5.638194445,80.25,Female,,-0.1447847850152146,11.29166667,3.43,Poor
CMU_157,CMU,7.14382716,76.75,Male,,-0.06921775299920863,21.2962963,2.44,Adequate
CMU_119,CMU,7.757471265,49.25,Female,,-0.07244556819707443,15.34482759,2.7,Adequate
CMU_136,CMU,6.901149425,87.25,Female,,-0.0762941938428867,13.96551724,3.23,Insufficient
CMU_224,CMU,5.764880951666667,100.0,Male,,-0.07468244154315182,21.67857143,4.0,Poor
CMU_300,CMU,6.889655171666666,82.0,Female,,-0.22421695421113683,41.93103448,2.96,Insufficient
CMU_242,CMU,6.893678161666667,88.5,Male,,-0.043970773348844576,17.68965517,3.49,Insufficient
CMU_282,CMU,6.945402298333334,89.25,Male,,-0.13744392916152723,44.62068966,2.93,Insufficient
CMU_341,CMU,5.860493826666667,87.75,Female,,-0.12291230819552153,5.074074074,3.5,Poor
CMU_124,CMU,7.415217391666667,100.0,Male,,-0.07244931841925906,30.52173913,4.0,Adequate
CMU_312,CMU,6.251333333333333,82.25,Male,,-0.20084074073090766,33.88,3.47,Insufficient
CMU_297,CMU,5.597619048333333,75.75,Female,,-0.8685222122681459,72.66666667,3.27,Poor
CMU_110,CMU,6.537356321666667,100.0,Male,,-0.14016454045211074,23.31034483,4.0,Insufficient
CMU_166,CMU,5.950574713333333,37.5,Male,,-0.0627179342495388,47.06896552,2.0,Poor
CMU_170,CMU,5.801388888333333,77.0,Male,,-0.40111272488138894,22.08333333,2.6,Poor
CMU_538,CMU,6.716071428333334,81.75,Male,,-0.03190665068319811,23.39285714,3.552758621,Insufficient
CMU_518,CMU,4.949166666666667,100.0,Female,,-0.4989474153405079,60.6,4.0,Poor
CMU_653,CMU,5.23115942,82.0,Female,,-0.16996311655474583,64.95652174,2.98,Poor
CMU_2,CMU,9.794444445,95.833325,Female,,-0.35223621815478795,64.5,3.321428036,Optimal
CMU_6,CMU,6.781410256666666,86.92307500000001,Female,,-0.1294465050700452,39.38461538,3.426666267,Insufficient
CMU_19,CMU,6.8544444449999995,77.5,Female,,-0.08862819589989535,27.33333333,3.265517103,Insufficient
CMU_32,CMU,6.753571428333333,87.5,Female,,-0.06029606714237623,39.57142857,3.17999955,Insufficient
CMU_33,CMU,6.608333333333333,74.80767499999999,Female,,-0.1044894231669029,75.60714286,2.566666,Insufficient
CMU_34,CMU,6.483333333333333,86.964275,Female,,-0.18780066154758607,24.26666667,3.740740481,Insufficient
CMU_37,CMU,7.233333333333333,79.821425,Female,,-0.04705656616590896,8.642857143,3.6999995,Adequate
CMU_42,CMU,7.091071428333334,98.75,Female,,-0.09148242328259497,25.96428571,3.799999864,Adequate
CMU_43,CMU,6.5815476183333335,96.66665,Female,,-0.040317431729856607,13.10714286,3.6999995,Insufficient
CMU_44,CMU,7.825,68.214275,Female,,-0.3343617353650961,31.29166667,3.126470529,Adequate
CMU_50,CMU,6.875925926666667,85.89285,Female,,-0.07445131941758916,68.55555556,3.599999619,Insufficient
CMU_78,CMU,6.80925926,86.66665,Female,,-0.05958451780162121,34.51851852,3.499999667,Insufficient
CMU_80,CMU,7.16728395,88.194425,Female,,-0.049895498776282514,43.33333333,3.65,Adequate
CMU_82,CMU,6.641666666666667,91.66665,Female,,-0.023928755071826846,21.67857143,3.796551103,Insufficient
CMU_84,CMU,6.292261905,93.84615,Female,,-0.21170295656922042,86.28571429,3.78399956,Insufficient
CMU_86,CMU,6.573214285000001,91.16665,Female,,-0.0836452988498105,98.28571429,3.4875,Insufficient
CMU_89,CMU,6.648611111666667,56.73074999999999,Female,,-0.1828067190836955,79.33333333,3.375,Insufficient
CMU_98,CMU,6.788690476666667,99.16665,Female,,-0.6361567911325162,99.10714286,3.370967742,Insufficient
CMU_108,CMU,8.315384615000001,76.923075,Female,,-0.04597562516310384,24.88461538,3.249999679,Optimal
CMU_117,CMU,6.507738095,67.272725,Female,,-0.8253047208814285,63.67857143,3.351724138,Insufficient
CMU_132,CMU,7.173809523333333,86.153825,Female,,-0.08537579315132007,71.07142857,2.331817364,Adequate
CMU_169,CMU,7.855357143333333,87.941175,Female,,-0.028116471320069305,12.57142857,3.543749469,Adequate
CMU_325,CMU,5.888690476666667,84.75,Female,,-0.1455469170955857,36.14285714,3.010952381,Poor
CMU_328,CMU,5.826190476666667,96.25,Female,,-0.11670843536914674,98.0,3.835909091,Poor
CMU_420,CMU,5.600694445,72.5,Female,,-0.0645429520652546,57.91666667,3.156818182,Poor
CMU_421,CMU,6.936309523333334,90.5,Female,,-0.07006697789474144,28.28571429,3.201111111,Insufficient
CMU_433,CMU,7.314880951666667,93.0,Female,,-0.10846611339318869,24.82142857,3.534444444,Adequate
CMU_455,CMU,6.226,64.25,Female,,-0.10880250221986917,73.44,2.605714286,Insufficient
CMU_457,CMU,7.015277778333333,83.25,Female,,-0.049911748292077666,36.95833333,3.482173913,Adequate
CMU_466,CMU,6.417261905,96.25,Female,,-0.02973117961672067,11.39285714,3.802083333,Insufficient
CMU_470,CMU,6.753787878333333,38.75,Female,,-0.4901747003003337,31.59090909,2.9855,Insufficient
CMU_471,CMU,6.71,81.25,Female,,-0.07698381402497227,73.32,3.800454545,Insufficient
CMU_473,CMU,6.835185185,83.75,Female,,-0.11689543296474755,50.37037037,3.662727273,Insufficient
CMU_504,CMU,5.59382716,74.25,Female,,-0.7891745213246808,41.44444444,2.850714286,Poor
CMU_517,CMU,8.53,70.0,Female,,-0.02304265215397561,32.12,3.24,Optimal
CMU_526,CMU,6.829166666666667,88.0,Female,,-0.019355740202113163,30.0,3.26,Insufficient
CMU_551,CMU,6.912820513333333,84.25,Female,,-0.6628497012336465,70.07692308,3.426551724,Insufficient
CMU_615,CMU,4.173188405,63.74999999999999,Male,,-1.2716948504162477,80.82608696,3.58,Poor
CMU_617,CMU,5.34920635,90.75,Male,,-1.109858534246426,18.28571429,4.0,Poor
CMU_48,CMU,5.483950616666666,87.5,Male,,-0.031174821022252115,50.88888889,3.627272545,Poor
CMU_60,CMU,6.469642856666667,86.66665,Male,,-0.19121661900076486,69.32142857,3.629166333,Insufficient
CMU_90,CMU,7.044444445,87.083325,Male,,-0.06528758926597682,11.76190476,3.434482069,Adequate
CMU_150,CMU,6.1340579716666666,78.75,Male,,-0.7925013157252673,48.52173913,2.8999996,Insufficient
CMU_154,CMU,6.704666666666666,94.23075,Male,,-0.08034581373225343,65.28,3.3499995,Insufficient
CMU_186,CMU,6.99122807,97.2222,Male,,-0.12148141576533937,51.10526316,3.925806129,Insufficient
CMU_206,CMU,5.8580246916666665,98.75,Male,,-0.05590413500546777,111.1851852,3.681818,Poor
CMU_321,CMU,6.895679011666667,91.75,Male,,-0.11422605576395521,44.03703704,3.048181818,Insufficient
CMU_398,CMU,7.436309523333334,75.0,Male,,-0.1719006329209254,84.82142857,3.13,Adequate
CMU_400,CMU,7.029761905,88.25,Male,,-0.44904798867265083,35.67857143,3.0425,Adequate
CMU_406,CMU,6.589285715,83.0,Male,,-0.15093072562008553,34.67857143,3.7,Insufficient
CMU_415,CMU,6.0125,63.5,Male,,-0.09791586297052822,51.57142857,2.206363636,Insufficient
CMU_434,CMU,7.3,100.0,Male,,-0.34165163250598696,25.88888889,3.563214286,Adequate
CMU_440,CMU,7.307738095,90.75,Male,,-0.016983448319332475,30.21428571,3.818,Adequate
CMU_443,CMU,6.395238095,86.25,Male,,-0.038931960891436156,53.89285714,2.961363636,Insufficient
CMU_467,CMU,7.310714285,87.5,Male,,-0.018659228767110115,23.71428571,3.728181818,Adequate
CMU_472,CMU,6.739880951666667,45.0,Male,,-0.12771944958102838,61.07142857,2.99625,Insufficient
CMU_481,CMU,7.096428571666666,85.0,Male,,-0.17380280083995234,29.82142857,3.735,Adequate
CMU_488,CMU,5.955555555,62.5,Male,,-0.319513774891736,18.22222222,3.149333333,Poor
CMU_496,CMU,8.451666666666666,77.5,Male,,-0.021570085010393626,19.85,3.7075,Optimal
CMU_500,CMU,7.459333333333333,86.75,Male,,-0.18211054869997917,44.16,3.4136,Adequate
CMU_521,CMU,6.4366666666666665,78.75,Male,,-0.15911197024747187,47.8,3.456,Insufficient
CMU_535,CMU,6.41,61.5,Male,,-0.1148788742144938,58.96,3.075,Insufficient
CMU_543,CMU,6.95297619,83.75,Male,,-0.1417804073816311,70.60714286,2.617058824,Insufficient
CMU_560,CMU,8.488095238333333,86.75,Male,,-0.05018488442812894,33.46428571,3.155769231,Optimal
CMU_14847,CMU,7.609444444999999,91.670833325,Female,,-0.12382046873497032,51.03333333,3.333166667,Adequate
CMU_17020,CMU,7.160119048333333,87.5,Male,,-0.19008455658771226,59.67857143,3.166666667,Adequate
CMU_18707,CMU,6.998333333333333,81.945833325,Female,,-0.0509536108016131,57.0,2.9334,Insufficient
CMU_51723,CMU,4.565277778333334,86.67,Male,,-0.2358376859777194,30.5,2.8002,Poor
CMU_72885,CMU,5.947222221666666,81.66499999999999,Male,,-0.08010947590602685,45.76666667,3.3334,Poor
CMU_79897,CMU,6.403333333333333,93.05833332499999,Female,,-0.07623627114639299,52.33333333,3.722166667,Insufficient
CMU_92566,CMU,5.458641975000001,95.239285725,Male,,-0.1495766256299848,39.74074074,3.6666,Poor
CMU_94455,CMU,4.597435896666667,83.333333325,Male,,-0.09554893948078289,40.84615385,3.055666667,Poor
CMU_424,CMU,8.010119048333333,70.0,,,-0.09207616601451525,23.82142857,3.140833333,Optimal
CMU_293,CMU,6.16728395,94.0,Female,,-0.04880151362883617,11.74074074,4.0,Insufficient
CMU_294,CMU,6.779333333333333,88.75,Female,,-0.04646391960699465,49.72,4.0,Insufficient
CMU_315,CMU,7.16875,90.25,Female,,-0.3477512932380844,19.41666667,4.0,Adequate
CMU_342,CMU,7.593589743333334,100.0,Female,,-0.10423268019044168,23.5,4.0,Adequate
CMU_350,CMU,6.778846153333333,95.25,Female,,-0.29828565548333524,10.96153846,3.74,Insufficient
CMU_376,CMU,7.59047619,74.5,Female,,-0.023939171751923505,26.89285714,3.48,Adequate
CMU_378,CMU,4.984920635,100.0,Female,,-0.43224407023662736,28.28571429,4.0,Poor
CMU_379,CMU,5.717948718333333,100.0,Female,,-0.1601266929803467,24.5,3.07,Poor
CMU_381,CMU,6.633333333333334,100.0,Female,,-0.38152147414659426,19.0,4.0,Insufficient
CMU_390,CMU,4.718518518333334,89.0,Female,,-1.094866334668205,30.72222222,3.81,Poor
CMU_395,CMU,5.644642856666667,95.25,Female,,-0.12587229762085628,13.89285714,3.4,Poor
CMU_402,CMU,7.121333333333333,93.0,Female,,-0.11841469478441184,46.16,3.76,Adequate
CMU_412,CMU,6.632051281666667,100.0,Female,,-0.11728393957309569,58.76923077,3.6,Insufficient
CMU_413,CMU,6.896428571666666,75.0,Female,,-0.18035950239013515,47.14285714,3.79,Insufficient
CMU_422,CMU,6.231333333333334,82.0,Female,,-0.060517953539341154,34.52,3.29,Insufficient
CMU_427,CMU,7.542222221666666,100.0,Female,,-0.4763890943255649,82.26666667,4.0,Adequate
CMU_430,CMU,5.02183908,81.0,Female,,-0.19040658056119028,21.17241379,3.58,Poor
CMU_452,CMU,6.58045977,100.0,Female,,-0.02792179705998283,16.0,4.0,Insufficient
CMU_454,CMU,6.4159999999999995,90.0,Female,,-0.2615782541038022,57.4,3.12,Insufficient
CMU_461,CMU,7.07797619,89.75,Female,,-0.14284493029764694,8.464285714,3.81,Adequate
CMU_463,CMU,5.6913580249999995,90.0,Female,,-0.22594075309504752,34.2962963,3.49,Poor
CMU_476,CMU,6.779166666666667,86.25,Female,,-0.101732198970558,24.67857143,3.52,Insufficient
CMU_483,CMU,5.6028735633333335,95.0,Female,,-0.541539560912344,85.79310345,3.78,Poor
CMU_487,CMU,3.6645833333333333,37.5,Female,,-0.42048912883938877,136.1875,2.78,Poor
CMU_489,CMU,8.019642856666668,100.0,Female,,-0.04127292131748365,19.10714286,4.0,Optimal
CMU_507,CMU,7.139473685,94.0,Female,,-0.10553334022280081,7.052631579,3.69,Adequate
CMU_522,CMU,7.02254902,88.25,Female,,-0.0805744170602742,17.94117647,4.0,Adequate
CMU_525,CMU,5.8533333333333335,65.0,Female,,-0.6419840861170667,45.4,3.55,Poor
CMU_559,CMU,6.174691358333333,75.0,Female,,-0.31975734577087656,32.77777778,3.57,Insufficient
CMU_572,CMU,5.797619048333333,89.75,Female,,-1.3251648376745777,62.38095238,3.8,Poor
CMU_595,CMU,6.804597701666666,71.0,Female,,-0.04313835703997283,54.4137931,2.49,Insufficient
CMU_644,CMU,6.92948718,70.0,Female,,-1.1619637167394308,64.61538462,3.17,Insufficient
CMU_671,CMU,6.911538461666667,100.0,Female,,-0.0361596222143793,18.53846154,3.8,Insufficient
CMU_4,CMU,7.458333333333333,87.5,Female,,-0.11092898332396023,28.15384615,3.7666665,Adequate
CMU_8,CMU,7.612,78.194425,Female,,-0.44019947456399267,61.56,3.5999996,Adequate
CMU_14,CMU,8.642857143333334,97.5,Female,,-0.04385242308975943,30.53571429,3.533333,Optimal
CMU_15,CMU,8.226190476666666,97.5,Female,,-0.06288463359424844,31.75,3.746153846,Optimal
CMU_20,CMU,4.5696428566666665,68.75,Female,,-0.10663576528126678,152.6428571,2.882758207,Poor
CMU_22,CMU,8.23974359,77.5,Female,,-0.12104723302940958,54.11538462,3.15185137,Optimal
CMU_23,CMU,7.4148809516666665,73.333325,Female,,-0.06648136322204128,35.71428571,2.915384,Adequate
CMU_24,CMU,6.369642856666667,95.0,Female,,-0.06054536220488658,54.89285714,3.451851556,Insufficient
CMU_26,CMU,7.786458333333333,42.5,Female,,-0.13194402191800664,29.75,2.916666,Adequate
CMU_30,CMU,7.311728395,98.333325,Female,,-0.4716418329070731,41.77777778,3.33571375,Adequate
CMU_31,CMU,7.658024691666666,100.0,Female,,-0.08005560359038373,14.81481481,4.0,Adequate
CMU_35,CMU,7.350595238333333,90.0,Female,,-0.2680936027272314,36.53571429,3.532257903,Adequate
CMU_46,CMU,5.481410256666666,83.61110000000001,Female,,-0.37681411567590956,88.11538462,3.651515121,Poor
CMU_51,CMU,6.035416666666666,95.833325,Female,,-1.008925722366495,64.0,3.757575182,Insufficient
CMU_55,CMU,4.2561728400000005,62.5,Female,,-1.154524583479695,46.44444444,3.346428179,Poor
CMU_58,CMU,8.520987655,88.75,Female,,-0.05885835700635371,37.92592593,3.583333,Optimal
CMU_62,CMU,7.037878788333333,81.66664999999999,Female,,-1.4724817366718963,54.59090909,3.7799996,Adequate
CMU_64,CMU,7.366666666666666,98.333325,Female,,-0.3643459694449608,34.75,3.8166665,Adequate
CMU_67,CMU,6.709876543333333,96.25,Female,,-0.09971740461503156,18.81481481,3.912902516,Insufficient
CMU_68,CMU,7.169047618333334,91.34615000000001,Female,,-0.037613927772454786,24.78571429,3.528571429,Adequate
CMU_69,CMU,5.469444445,42.5,Female,,-1.0149445101632657,17.08333333,2.939285286,Poor
CMU_73,CMU,6.969444445,99.318175,Female,,-0.16176864785688314,18.22222222,4.0,Insufficient
CMU_74,CMU,7.20308642,90.57690000000001,Female,,-0.07773539032446923,41.55555556,3.6999995,Adequate
CMU_75,CMU,8.124404761666666,91.73075,Female,,-0.07686718765795436,36.92857143,3.82,Optimal
CMU_87,CMU,6.8125,96.875,Female,,-0.07192607490333269,18.92857143,3.749999643,Insufficient
CMU_91,CMU,6.158928571666666,93.82352499999999,Female,,-0.10316640956653274,67.57142857,3.818749563,Insufficient
CMU_92,CMU,8.095238095000001,80.769225,Female,,-0.14451362825701086,27.42857143,3.077418968,Optimal
CMU_93,CMU,8.086111111666666,98.75,Female,,-1.8476303261796787,114.0,3.856521391,Optimal
CMU_103,CMU,6.394444445,100.0,Female,,-0.1218420923062683,6.625,3.913792345,Insufficient
CMU_106,CMU,4.857575758333334,89.16665,Female,,-1.1076142419005481,44.27272727,3.45999992,Poor
CMU_111,CMU,7.578431373333333,87.5,Female,,-0.4367458961364654,46.17647059,3.2799998,Adequate
CMU_113,CMU,5.9303571433333335,87.5,Female,,-0.12394026760546356,59.25,3.3799998,Poor
CMU_115,CMU,6.336111111666667,80.833325,Female,,-2.6339315164808537,9.166666667,3.4156245,Insufficient
CMU_118,CMU,6.450724638333333,87.5,Female,,-0.1709973484615154,17.82608696,3.43999985,Insufficient
CMU_122,CMU,8.043333333333333,75.833325,Female,,-0.388639389618801,44.2,3.326086652,Optimal
CMU_126,CMU,6.808000000000001,99.03845,Female,,-0.22496942978312612,90.44,3.8799998,Insufficient
CMU_127,CMU,5.987179486666666,89.807675,Female,,-0.16908808268598252,39.23076923,3.621739,Poor
CMU_128,CMU,6.871666666666667,99.16665,Female,,-2.1374617097903905,15.8,3.8666665,Insufficient
CMU_141,CMU,7.530666666666666,63.333324999999995,Female,,-0.13365562540731088,51.88,3.333332556,Adequate
CMU_146,CMU,6.541975308333334,99.107125,Female,,-0.2810526513187806,39.44444444,3.955172,Insufficient
CMU_155,CMU,6.778571428333334,98.823525,Female,,-0.09431898600674196,22.64285714,3.913792862,Insufficient
CMU_165,CMU,7.272666666666667,93.333325,Female,,-0.22501833600661897,57.72,3.725806129,Adequate
CMU_188,CMU,7.25297619,95.78125,Female,,-0.06717386275990805,30.39285714,3.645454394,Adequate
CMU_193,CMU,6.240740740000001,95.0,Female,,-0.16874464032987113,43.74074074,3.910714143,Insufficient
CMU_195,CMU,6.739583333333333,71.66665,Female,,-0.8038632277733622,59.5,2.608695217,Insufficient
CMU_199,CMU,7.28560606,90.833325,Female,,-0.1432001077138322,25.0,3.08,Adequate
CMU_324,CMU,7.669565216666667,75.0,Female,,-0.09326806793067303,34.82608696,2.625,Adequate
CMU_331,CMU,6.906521738333334,81.25,Female,,-0.015898542736567035,43.95652174,3.05,Insufficient
CMU_335,CMU,5.953571428333333,67.0,Female,,-0.07294182861543068,31.78571429,2.822222222,Poor
CMU_339,CMU,8.085802468333334,94.75,Female,,-0.05069186431473687,28.62962963,3.702,Optimal
CMU_340,CMU,7.969444445,87.75,Female,,-0.0723930105902803,57.5,2.865,Adequate
CMU_348,CMU,7.6,83.75,Female,,-0.11083043871462532,33.71428571,3.078888889,Adequate
CMU_351,CMU,7.21547619,76.0,Female,,-0.06871325106347106,42.25,3.405,Adequate
CMU_352,CMU,6.702,97.25,Female,,-0.10511395716477899,53.92,3.688928571,Insufficient
CMU_354,CMU,6.187037036666666,98.75,Female,,-0.11793825738664512,51.2962963,3.823235294,Insufficient
CMU_355,CMU,5.39047619,90.75,Female,,-0.01830910764878415,23.46428571,3.57,Poor
CMU_360,CMU,5.823214285000001,76.75,Female,,-0.7764198673071898,64.85714286,2.98,Poor
CMU_363,CMU,7.260714285000001,92.5,Female,,-0.16621622775907965,35.64285714,3.775,Adequate
CMU_364,CMU,7.48939394,86.75,Female,,-0.23063019552480915,49.81818182,3.500967742,Adequate
CMU_365,CMU,6.46547619,83.25,Female,,-0.40983293657537534,79.39285714,2.947142857,Insufficient
CMU_366,CMU,8.11060606,82.5,Female,,-0.08012991863978033,64.90909091,3.0975,Optimal
CMU_369,CMU,7.286419753333333,94.0,Female,,-0.038627082181584234,27.37037037,3.803333333,Adequate
CMU_373,CMU,6.824691358333333,85.25,Female,,-0.059224795457697245,36.81481481,3.155454545,Insufficient
CMU_380,CMU,6.87948718,80.75,Female,,-0.1703509347678765,30.15384615,3.259655172,Insufficient
CMU_386,CMU,6.204761905,100.0,Female,,-0.0698124945708315,53.42857143,3.917419355,Insufficient
CMU_394,CMU,7.707142856666667,86.25,Female,,-0.06884166338891651,25.17857143,3.71,Adequate
CMU_399,CMU,7.218518518333334,98.75,Female,,-0.052010451568854116,56.55555556,3.730625,Adequate
CMU_401,CMU,7.282142856666667,87.25,Female,,-0.04621647125177581,50.25,3.57,Adequate
CMU_405,CMU,6.481547618333334,89.75,Female,,-0.10975448312819724,37.82142857,3.240625,Insufficient
CMU_407,CMU,7.148039215,92.5,Female,,-0.1715742685295755,50.41176471,3.665862069,Adequate
CMU_418,CMU,6.610784313333334,95.0,Female,,-0.10315104517460968,35.41176471,3.78,Insufficient
CMU_435,CMU,6.953846153333333,88.25,Female,,-0.08463318115569139,42.11538462,3.315,Insufficient
CMU_439,CMU,6.17797619,82.5,Female,,-0.056378821147629536,16.82142857,3.653703704,Insufficient
CMU_448,CMU,6.964743589999999,99.25,Female,,-0.45564520555518373,51.03846154,4.0,Insufficient
CMU_458,CMU,7.53271605,74.75,Female,,-0.24553689509860102,64.33333333,3.215,Adequate
CMU_465,CMU,7.2153846150000005,84.25,Female,,-0.11866442489652233,28.23076923,3.390357143,Adequate
CMU_469,CMU,6.479012345,98.5,Female,,-0.06635208781842324,37.11111111,3.958857143,Insufficient
CMU_485,CMU,6.124074073333333,75.0,Female,,-0.2619268026411717,70.88888889,2.9,Insufficient
CMU_490,CMU,7.660119048333333,85.0,Female,,-0.10603175772445536,31.57142857,2.998,Adequate
CMU_494,CMU,6.858333333333333,96.5,Female,,-0.09842822546182294,35.08333333,3.724117647,Insufficient
CMU_499,CMU,6.8919999999999995,98.25,Female,,-0.1194611539390592,38.36,3.946428571,Insufficient
CMU_503,CMU,6.715432098333333,73.5,Female,,-0.12500323605193175,38.03703704,3.492258065,Insufficient
CMU_506,CMU,5.880246913333334,82.5,Female,,-0.4520997622627201,79.07407407,3.657272727,Poor
CMU_509,CMU,5.826190476666667,95.75,Female,,-0.13813706384432248,100.2857143,3.635,Poor
CMU_510,CMU,6.137121211666667,66.75,Female,,-0.036818222752240844,36.22727273,2.83,Insufficient
CMU_511,CMU,6.842857143333333,95.0,Female,,-0.1858823396752562,18.9047619,3.862592593,Insufficient
CMU_513,CMU,7.492666666666667,77.25,Female,,-0.043646704946715374,15.64,3.611,Adequate
CMU_523,CMU,6.546428571666667,69.25,Female,,-0.2002201012325446,46.32142857,3.385,Insufficient
CMU_534,CMU,6.557051281666667,75.0,Female,,-0.0668088585326367,34.46153846,3.052727273,Insufficient
CMU_541,CMU,6.379166666666666,82.0,Female,,-0.30633111035479704,48.35714286,3.154482759,Insufficient
CMU_547,CMU,6.15448718,78.5,Female,,-0.0970831526132977,37.15384615,3.139259259,Insufficient
CMU_557,CMU,6.532098765,71.5,Female,,-0.25761897954457036,45.59259259,2.799130435,Insufficient
CMU_562,CMU,4.972222221666667,88.0,Female,,-2.450608782520703,6.555555556,3.88,Poor
CMU_564,CMU,6.78974359,90.75,Female,,-0.04746187476447823,49.07692308,3.601034483,Insufficient
CMU_567,CMU,7.271969696666667,97.75,Female,,-0.14610740553379825,24.09090909,3.948275862,Adequate
CMU_570,CMU,6.724691358333333,75.25,Female,,-0.050835595609443375,35.51851852,3.363703704,Insufficient
CMU_571,CMU,7.25576923,87.25,Female,,-0.12095705445842066,40.42307692,3.625454545,Adequate
CMU_314,CMU,6.353571428333334,84.25,Male,,-0.1608549183989095,34.67857143,2.79,Insufficient
CMU_361,CMU,5.962121211666667,84.5,Male,,-0.26066019490379033,30.86363636,3.59,Poor
CMU_383,CMU,6.863888888333333,89.25,Male,,-0.1140607440723013,55.41666667,3.77,Insufficient
CMU_396,CMU,6.034920635000001,90.25,Male,,-0.7961752908238372,31.0952381,3.8,Insufficient
CMU_419,CMU,5.666666666666667,89.75,Male,,-0.09479752660194256,25.07407407,3.56,Poor
CMU_432,CMU,4.392156863333333,76.25,Male,,-1.324050658471056,42.29411765,3.21,Poor
CMU_453,CMU,4.722222221666667,54.50000000000001,Male,,-1.6592582121174182,40.46666667,3.6,Poor
CMU_479,CMU,6.8053571433333335,94.5,Male,,-0.23669887576844076,22.67857143,2.86,Insufficient
CMU_563,CMU,7.129761905,100.0,Male,,-0.15409090889815477,67.89285714,4.0,Adequate
CMU_577,CMU,6.562,95.25,Male,,-0.10457678822369638,52.8,3.78,Insufficient
CMU_581,CMU,6.63271605,100.0,Male,,-0.35065484625900567,39.22222222,3.56,Insufficient
CMU_586,CMU,7.118421053333334,100.0,Male,,-0.8746861095139438,28.52631579,3.8,Adequate
CMU_609,CMU,7.024561403333333,94.75,Male,,-0.04823478140154133,25.68421053,3.77,Adequate
CMU_613,CMU,6.473484848333333,100.0,Male,,-0.1683443635106696,44.18181818,4.0,Insufficient
CMU_631,CMU,7.141666666666667,69.75,Male,,-0.5772519367776802,32.60714286,2.36,Adequate
CMU_662,CMU,7.622839506666667,61.75000000000001,Male,,-0.39824289258201706,30.92592593,1.7,Adequate
CMU_665,CMU,6.756410256666666,89.25,Male,,-0.0986242784713485,40.07692308,3.52,Insufficient
CMU_670,CMU,6.885119048333333,88.25,Male,,-0.2543045427629373,44.32142857,3.0,Insufficient
CMU_1,CMU,7.4206666666666665,97.5,Male,,-0.278527522383577,67.48,3.196295815,Adequate
CMU_10,CMU,6.03015873,100.0,Male,,-0.16331864474028107,49.28571429,3.9230765,Insufficient
CMU_12,CMU,6.175,89.23075,Male,,-0.09497453711898389,26.125,3.555172069,Insufficient
CMU_13,CMU,6.746666666666667,88.333325,Male,,-0.7506683167193101,103.08,3.592856464,Insufficient
CMU_28,CMU,7.320238095,95.96152500000001,Male,,-0.06697503635961637,48.60714286,3.744827034,Adequate
CMU_38,CMU,7.220833333333333,97.5,Male,,-0.13776803847799873,72.05,3.883333,Adequate
CMU_39,CMU,6.185119048333333,90.208325,Male,,-0.05293200157320968,25.78571429,3.466666182,Insufficient
CMU_45,CMU,5.8160493833333335,94.16664999999999,Male,,-0.11959015294702333,53.07407407,3.96,Poor
CMU_47,CMU,5.623214285,89.16665,Male,,-0.1195062194553539,84.96428571,3.8666665,Poor
CMU_49,CMU,6.670833333333333,89.09089999999999,Male,,-2.524150982854637,68.5,3.396551241,Insufficient
CMU_54,CMU,6.658730158333333,61.944425,Male,,-0.9039406153694017,76.38095238,3.082757931,Insufficient
CMU_57,CMU,7.3125,75.961525,Male,,-0.05775060967959602,42.70833333,3.2,Adequate
CMU_76,CMU,7.238888888333333,83.39285,Male,,-0.04361296748927396,41.7037037,3.686206552,Adequate
CMU_88,CMU,7.273076923333333,80.833325,Male,,-0.5802501885399853,64.19230769,3.54074037,Adequate
CMU_95,CMU,8.28076923,97.5,Male,,-0.0735044564318825,19.07692308,3.9041665,Optimal
CMU_97,CMU,6.495679011666667,88.333325,Male,,-0.06025560126613787,25.62962963,3.693102931,Insufficient
CMU_99,CMU,6.667307691666666,84.16665,Male,,-0.12156569990824144,47.5,3.590624313,Insufficient
CMU_138,CMU,6.434615385,96.66665,Male,,-0.9141596046347987,22.38461538,3.7730765,Insufficient
CMU_140,CMU,7.36547619,98.6111,Male,,-0.0682154523082894,23.07142857,3.803333,Adequate
CMU_143,CMU,7.486666666666666,97.91665,Male,,-0.04192424953393561,36.7,3.986842105,Adequate
CMU_156,CMU,5.778571428333334,86.0294,Male,,-0.9369893717487923,60.82142857,3.609374969,Poor
CMU_159,CMU,4.797619048333333,72.96875,Male,,-0.3835457117963875,104.4285714,3.421428286,Poor
CMU_205,CMU,7.921604938333333,94.16664999999999,Male,,-0.07043364787000947,49.88888889,3.7999995,Adequate
CMU_320,CMU,7.004938271666666,90.75,Male,,-0.11648772688385273,26.51851852,3.335,Adequate
CMU_370,CMU,6.106410256666666,97.5,Male,,-0.12392512192212211,71.07692308,3.315,Insufficient
CMU_372,CMU,7.777272726666666,82.0,Male,,-0.19392411684890684,59.59090909,3.428333333,Adequate
CMU_374,CMU,8.886904761666667,95.0,Male,,-0.025960948400148506,10.39285714,3.938,Optimal
CMU_385,CMU,8.298148148333333,89.75,Male,,-0.14400250282383129,22.33333333,3.33,Optimal
CMU_388,CMU,6.705357143333333,85.75,Male,,-0.03546041361880414,44.14285714,3.75862069,Insufficient
CMU_391,CMU,6.6839506166666665,97.75,Male,,-0.05225110723833644,32.55555556,3.788181818,Insufficient
CMU_392,CMU,5.989880951666667,94.25,Male,,-0.05063016081307542,57.32142857,3.720645161,Poor
CMU_403,CMU,8.481410256666667,86.5,Male,,-0.05437622636538873,15.38461538,3.546363636,Optimal
CMU_404,CMU,5.60617284,49.0,Male,,-0.6140704412720216,110.5925926,2.538947368,Poor
CMU_411,CMU,5.606547618333334,50.0,Male,,-0.1605443972413697,33.17857143,3.03,Poor
CMU_442,CMU,6.457738095,100.0,Male,,-0.023081656184412012,33.10714286,3.673448276,Insufficient
CMU_445,CMU,6.620833333333334,92.75,Male,,-0.05213010701218197,68.46428571,3.348181818,Insufficient
CMU_456,CMU,7.782738095,100.0,Male,,-0.038346138516657996,11.85714286,3.925454545,Adequate
CMU_474,CMU,5.846913580000001,56.49999999999999,Male,,-0.5618139901177127,117.037037,3.092333333,Poor
CMU_491,CMU,5.625,77.75,Male,,-0.29381323813354926,21.8125,3.40875,Poor
CMU_502,CMU,7.718333333333334,71.75,Male,,-0.12223261314301562,37.6,3.3,Adequate
CMU_505,CMU,7.68452381,100.0,Male,,-0.10164167533497598,20.03571429,4.0,Adequate
CMU_512,CMU,7.270833333333333,83.25,Male,,-0.0288458568942609,20.8,3.295882353,Adequate
CMU_516,CMU,7.517857143333333,88.5,Male,,-0.05761445628122958,29.75,3.625714286,Adequate
CMU_524,CMU,6.531547618333334,96.75,Male,,-0.14005447175817937,40.82142857,3.875555556,Insufficient
CMU_542,CMU,7.108333333333333,83.25,Male,,-0.0650078044444333,67.28571429,3.165,Adequate
CMU_544,CMU,7.542666666666666,87.5,Male,,-0.0862237080265306,93.44,3.223703704,Adequate
CMU_546,CMU,6.910256410000001,90.5,Male,,-0.05437328000846897,34.69230769,3.670689655,Insufficient
CMU_549,CMU,6.724074073333333,86.5,Male,,-0.16109502452608196,63.96296296,3.324347826,Insufficient
CMU_550,CMU,6.651785715,88.5,Male,,-0.11630316963906545,47.78571429,3.553214286,Insufficient
CMU_552,CMU,7.153846153333333,79.75,Male,,-0.13423209132783814,45.57692308,3.713928571,Adequate
CMU_561,CMU,7.421153846666667,74.25,Male,,-0.15582470614871094,25.15384615,3.5353125,Adequate
CMU_569,CMU,6.466666666666667,92.75,Male,,-0.05576817824345026,41.1,3.1625,Insufficient
CMU_10237,CMU,7.130952381666666,83.329166675,Female,,-0.05788024392458486,56.96428571,3.111,Adequate
CMU_11002,CMU,6.192528735,98.810714275,Male,,-0.17637099308835913,29.79310345,3.904857143,Insufficient
CMU_13486,CMU,6.699444445,90.279166675,Male,,-0.08254726741294088,76.0,3.277666667,Insufficient
CMU_14279,CMU,7.122222221666666,93.054166675,Female,,-0.07363452459511183,48.3,3.777833333,Adequate
CMU_14571,CMU,7.336904761666667,83.33749999999999,Male,,-0.12804167189385351,30.75,3.333428571,Adequate
CMU_14737,CMU,5.1,94.445833325,Male,,-0.20079832349916493,49.30769231,3.666833333,Poor
CMU_15134,CMU,5.849166666666666,88.8875,Female,,-0.14810686212860735,54.35,3.6666,Poor
CMU_17308,CMU,6.875,92.860714275,Female,,-0.06036003999422185,21.63333333,3.761857143,Insufficient
CMU_17932,CMU,6.922666666666667,95.833333325,Male,,-0.11970976232588944,36.12,3.833333333,Insufficient
CMU_19245,CMU,4.652873563333333,98.6125,Male,,-0.5532644735430308,122.7931034,3.777666667,Poor
CMU_19735,CMU,6.363888888333333,93.33500000000001,Male,,-0.11015341106236191,64.93333333,3.5555,Insufficient
CMU_21090,CMU,7.085057471666667,98.6125,Female,,-0.18171521050319128,11.68965517,3.9445,Adequate
CMU_21887,CMU,7.67816092,98.6125,Male,,-0.07783527554850593,72.24137931,3.611166667,Adequate
CMU_21932,CMU,5.957222221666667,100.0,Male,,-0.1638083279661733,127.9,3.9445,Poor
CMU_22138,CMU,7.13,97.91875,Male,,-0.1497744340169248,34.5,3.666714286,Adequate
CMU_22408,CMU,6.398717948333333,97.220833325,Male,,-0.02366748049269954,18.38461538,3.777833333,Insufficient
CMU_22688,CMU,6.5577777783333335,98.6125,Male,,-0.11293018806037838,68.43333333,3.888833333,Insufficient
CMU_22842,CMU,6.755,70.833333325,Male,,-0.1733808172319472,97.36666667,3.3334,Insufficient
CMU_23270,CMU,7.4839080466666665,97.61785714999999,Female,,-0.06107836732895634,18.65517241,3.9445,Adequate
CMU_23518,CMU,6.202,86.1125,Female,,-0.17073202351560907,40.12,3.1336,Insufficient
CMU_24883,CMU,6.661494253333333,97.225,Male,,-0.10574564588565842,38.65517241,4.0,Insufficient
CMU_25197,CMU,6.299444445000001,97.220833325,Male,,-0.11265666401555453,13.8,3.9445,Insufficient
CMU_25548,CMU,7.100574713333333,97.225,Male,,-0.05371404385784344,35.93103448,3.9445,Adequate
CMU_26272,CMU,5.066666666666666,86.90357142500001,Female,,-0.7034837229624448,49.20833333,3.904857143,Poor
CMU_26320,CMU,6.372777778333333,94.445833325,Female,,-0.0918993321988341,50.7,3.4445,Insufficient
CMU_26858,CMU,6.629444445,91.666666675,Female,,-0.023562205140056875,25.6,3.5,Insufficient
CMU_27306,CMU,6.23508772,86.67,Female,,-0.1954974044925677,44.78947368,3.0666,Insufficient
CMU_28327,CMU,5.544444445,91.666666675,Female,,-0.5812309396835039,39.83333333,3.833333333,Poor
CMU_28653,CMU,6.893678161666667,93.05833332499999,Male,,-0.1270209103526841,54.44827586,3.888833333,Insufficient
CMU_29257,CMU,6.165517241666667,95.239285725,Male,,-0.08313055658804662,18.55172414,3.619142857,Insufficient
CMU_29885,CMU,6.556896551666667,87.504166675,Male,,-0.043450509745345124,29.86206897,3.111166667,Insufficient
CMU_30152,CMU,5.401587301666667,93.33500000000001,Female,,-0.6467839649170055,64.38095238,3.389,Poor
CMU_30453,CMU,4.710416666666666,90.275,Female,,-2.581015744465743,100.875,3.222,Poor
CMU_31294,CMU,6.860714285,97.220833325,Female,,-0.011526063980917144,7.178571429,3.9445,Insufficient
CMU_33657,CMU,5.886111111666667,76.3875,Female,,-0.06386108422899484,82.13333333,3.4002,Poor
CMU_33740,CMU,6.993137255,88.335,Female,,-1.0659032277615652,86.47058824,3.428428571,Insufficient
CMU_33785,CMU,6.882183908333333,86.1125,Male,,-0.06696701121705886,54.17241379,3.555666667,Insufficient
CMU_34062,CMU,6.25,88.891666675,Female,,-0.2106366531059116,79.08,3.5,Insufficient
CMU_34467,CMU,6.846296296666667,98.810714275,Female,,-0.11974786943896865,37.77777778,4.0,Insufficient
CMU_35344,CMU,6.739655171666667,95.833333325,Female,,-0.11845961472513819,33.55172414,4.0,Insufficient
CMU_35416,CMU,6.186538461666667,79.166666675,Male,,-0.3086611317451026,37.84615385,3.722333333,Insufficient
CMU_35824,CMU,6.598850575,87.5,Male,,-0.20333354320679192,92.68965517,3.388833333,Insufficient
CMU_36038,CMU,6.149358975,91.66785715,Male,,-0.11027919927582702,48.96153846,3.4445,Insufficient
CMU_36117,CMU,6.8942528733333335,94.445833325,Male,,-0.050992884018873884,29.44827586,3.571428571,Insufficient
CMU_36501,CMU,7.314666666666667,90.283333325,Male,,-0.047878060710463737,22.92,3.555666667,Adequate
CMU_36552,CMU,6.489444445,91.666666675,Female,,-0.07336998712403034,32.3,3.714428571,Insufficient
CMU_36574,CMU,8.055555555,96.67,Male,,-0.07657589382827691,26.29166667,3.714285714,Optimal
CMU_36875,CMU,6.786111111666667,93.05833332499999,Female,,-0.48709994275157326,26.625,3.4445,Insufficient
CMU_37404,CMU,6.39469697,95.833333325,Female,,-0.08957904454141977,25.27272727,3.833333333,Insufficient
CMU_38293,CMU,5.6919540233333334,73.6125,Female,,-0.12900354826593008,22.5862069,3.5555,Poor
CMU_38610,CMU,6.321111111666666,91.666666675,Female,,-0.16414053323744793,28.23333333,3.888833333,Insufficient
CMU_38815,CMU,5.551234568333333,90.279166675,Male,,-0.16411426207777474,75.44444444,3.778,Poor
CMU_39146,CMU,7.041666666666667,92.860714275,Female,,-0.0222114795629189,6.464285714,3.761857143,Adequate
CMU_42137,CMU,5.991666666666666,91.66785715,Female,,-0.03301436470834895,40.25,3.555666667,Poor
CMU_43794,CMU,5.877160493333333,97.225,Female,,-0.6518983439138833,34.44444444,3.889,Poor
CMU_44872,CMU,5.302380951666667,95.83749999999999,Female,,-0.23242748274685654,49.42857143,3.9445,Poor
CMU_44873,CMU,6.071264368333333,94.45,Male,,-0.13164531409610997,25.24137931,3.333333333,Insufficient
CMU_44927,CMU,6.4,95.239285725,Female,,-0.08001679164541137,16.13333333,3.809714286,Insufficient
CMU_45963,CMU,6.283974358333333,98.810714275,Female,,-0.4497068129082645,27.23076923,3.666714286,Insufficient
CMU_46365,CMU,6.640123456666667,100.0,Male,,-0.05588082023134765,47.2962963,4.0,Insufficient
CMU_46418,CMU,6.262280701666667,96.875,Male,,-0.13368698714406754,33.52631579,3.666571429,Insufficient
CMU_47024,CMU,6.508730158333334,91.666666675,Female,,-0.40683454067388186,48.66666667,3.889,Insufficient
CMU_47142,CMU,6.794642856666667,95.833333325,Female,,-0.1156292842201665,55.82142857,3.761857143,Insufficient
CMU_47810,CMU,7.288888888333333,90.279166675,Female,,-0.04544639428241444,47.37037037,3.619142857,Adequate
CMU_48154,CMU,7.705555555,90.478571425,Female,,-0.038778092134125884,20.25925926,3.571571429,Adequate
CMU_49086,CMU,7.745555555,97.225,Female,,-0.08842057635163639,35.4,3.777833333,Adequate
CMU_49497,CMU,5.8080459766666666,94.445833325,Female,,-0.0813428823876517,47.06896552,3.722166667,Poor
CMU_49539,CMU,6.5125,90.275,Male,,-0.14700168339606515,31.625,3.1665,Insufficient
CMU_49790,CMU,5.8557471266666665,87.5,Female,,-0.07698761393121663,120.862069,3.611333333,Poor
CMU_50766,CMU,6.917948718333333,100.0,Male,,-0.12133622138652737,48.92307692,3.833333333,Insufficient
CMU_51437,CMU,5.6801587300000005,94.05,Female,,-0.2598986203406681,26.28571429,3.714428571,Poor
CMU_51475,CMU,5.279761905,94.44166667500001,Female,,-1.242870107687908,26.78571429,3.666666667,Poor
CMU_52302,CMU,7.167222221666666,90.283333325,Male,,-0.08409102800183166,44.76666667,3.7334,Adequate
CMU_57359,CMU,7.445402298333334,100.0,Female,,-0.038660476442305185,77.34482759,3.857142857,Adequate
CMU_57443,CMU,6.697619048333333,90.279166675,Female,,-0.24052162371195096,12.85714286,3.277833333,Insufficient
CMU_59097,CMU,7.423888888333334,93.33500000000001,Male,,-0.03944363734229933,66.6,3.722166667,Adequate
CMU_59207,CMU,8.022619048333333,88.891666675,Male,,-0.15387400669963522,23.57142857,3.389,Optimal
CMU_62246,CMU,7.286666666666666,95.83749999999999,Male,,-0.08083662413075567,50.5,3.777833333,Adequate
CMU_62617,CMU,7.75,93.054166675,Female,,-0.04908644217952937,34.03333333,3.777833333,Adequate
CMU_63138,CMU,7.359770115,97.91875,Female,,-0.07258660481823916,42.37931034,3.9445,Adequate
CMU_63347,CMU,6.806321838333333,97.621428575,Male,,-0.0886703484684971,54.03448276,3.952428571,Insufficient
CMU_63419,CMU,5.508641975000001,83.33214285,Female,,-0.7556860847329154,41.77777778,3.291625,Poor
CMU_63904,CMU,5.61547619,96.428571425,Female,,-0.06500566138557363,16.25,3.611333333,Poor
CMU_64232,CMU,6.738505746666666,88.8875,Female,,-0.23783387104580178,110.5172414,3.277833333,Insufficient
CMU_64296,CMU,5.798333333333333,86.108333325,Male,,-0.058913398508631414,34.1,3.5,Poor
CMU_65656,CMU,5.193452381666666,80.953571425,Male,,-0.15678356816142835,27.39285714,3.523857143,Poor
CMU_66815,CMU,6.802873563333334,95.833333325,Male,,-0.05051769588878041,20.17241379,3.9445,Insufficient
CMU_67106,CMU,6.635000000000001,100.0,Male,,-0.0695922423616698,49.13333333,3.888833333,Insufficient
CMU_67574,CMU,5.98245614,86.1125,Male,,-0.09853713485258038,32.10526316,3.666666667,Poor
CMU_67709,CMU,6.753472221666667,90.625,Male,,-0.7705175212549134,33.95833333,3.5334,Insufficient
CMU_67918,CMU,7.761666666666667,97.220833325,Male,,-0.04917543375309775,15.7,3.889,Adequate
CMU_67993,CMU,6.226041666666666,91.666666675,Female,,-1.1051742508247797,40.875,3.666666667,Insufficient
CMU_69057,CMU,5.279444444999999,75.004166675,Male,,-0.2232315378432816,91.26666667,3.222166667,Poor
CMU_70492,CMU,4.984567901666667,88.891666675,Male,,-0.09923714644065164,51.66666667,3.4445,Poor
CMU_71985,CMU,6.282098765,88.891666675,Male,,-0.17596372689146034,33.37037037,3.666666667,Insufficient
CMU_72348,CMU,8.090555555,91.666666675,Female,,-0.010145872129766068,29.7,3.888833333,Optimal
CMU_72806,CMU,7.794666666666667,98.6125,Female,,-0.043646704946715374,20.52,3.778,Adequate
CMU_73158,CMU,6.917222221666666,97.621428575,Male,,-0.0338194922088954,38.0,3.952428571,Insufficient
CMU_74899,CMU,5.575490196666666,87.504166675,Male,,-0.09174975354789548,19.52941176,3.571428571,Poor
CMU_75149,CMU,5.0134920633333335,79.16250000000001,Female,,-0.7435824855047989,133.2380952,3.111166667,Poor
CMU_77036,CMU,7.913333333333333,80.0,Female,,-0.022781523231603432,13.6,3.3335,Adequate
CMU_77711,CMU,7.122777778333333,97.220833325,Male,,-0.05936544538643186,24.2,3.9445,Adequate
CMU_79167,CMU,6.515517241666667,96.43214285,Female,,-0.2761481783363912,63.34482759,3.5,Insufficient
CMU_79352,CMU,5.105357143333333,88.891666675,Female,,-0.1606758207158253,19.57142857,3.722333333,Poor
CMU_79607,CMU,5.668518518333333,97.61785714999999,Male,,-0.4978412964507525,35.62962963,3.833375,Poor
CMU_80177,CMU,5.964285715,97.225,Male,,-0.1503631590746361,21.42857143,3.777833333,Poor
CMU_81807,CMU,6.111666666666666,91.670833325,Male,,-0.09446847476090975,20.1,3.833333333,Insufficient
CMU_82986,CMU,4.543103448333333,79.166666675,Female,,-0.14002717676262588,12.62068966,3.5334,Poor
CMU_83005,CMU,7.0622222216666675,98.6125,Female,,-0.07760643652741427,31.9,3.8335,Adequate
CMU_83536,CMU,7.545,88.891666675,Female,,-0.04566447189806129,16.16666667,3.833333333,Adequate
CMU_83566,CMU,7.577777778333333,88.8875,Female,,-0.0384880804203719,14.5,3.555666667,Adequate
CMU_83612,CMU,6.378030303333333,98.6125,Female,,-0.34412250497982255,15.59090909,3.761857143,Insufficient
CMU_84011,CMU,6.2511494249999995,100.0,Female,,-0.0975848271949573,58.55172414,3.857142857,Insufficient
CMU_85503,CMU,5.8217948716666665,80.55833332499999,Male,,-0.18051622482909055,43.38461538,3.611166667,Poor
CMU_86440,CMU,6.134,95.005,Male,,-0.08835740335621768,20.36,3.777833333,Insufficient
CMU_87328,CMU,7.5611111116666665,97.225,Male,,-2.105582863043258,32.88888889,3.9445,Adequate
CMU_88185,CMU,7.015555555000001,98.6125,Female,,-0.06714887744114252,15.23333333,3.722333333,Adequate
CMU_88882,CMU,5.537931035,98.6125,Male,,-0.031103837186329537,40.27586207,3.9445,Poor
CMU_89607,CMU,5.424074073333333,68.054166675,Male,,-0.39626861032477156,34.74074074,3.277666667,Poor
CMU_89652,CMU,6.989999999999999,98.810714275,Female,,-0.6351331106919427,35.0,3.762,Insufficient
CMU_91551,CMU,4.342857143333333,98.6125,Male,,-0.14894839394458279,177.5357143,3.857285714,Poor
CMU_92038,CMU,7.0045977016666665,100.0,Male,,-0.20969237734251583,58.03448276,3.777833333,Adequate
CMU_92412,CMU,7.395,100.0,Male,,-0.04376810614841934,54.86666667,4.0,Adequate
CMU_92515,CMU,6.646491228333333,100.0,Male,,-0.11542772631394746,62.68421053,4.0,Insufficient
CMU_92552,CMU,5.706349206666667,78.335,Male,,-0.3979839532560269,99.80952381,3.500166667,Poor
CMU_93002,CMU,6.517948718333333,92.860714275,Female,,-0.1125382935654441,29.03846154,3.380857143,Insufficient
CMU_93485,CMU,6.987777778333333,91.666666675,Male,,-0.059739818257895365,19.76666667,3.888833333,Insufficient
CMU_93699,CMU,5.577380951666667,88.891666675,Female,,-0.031768607366393815,43.71428571,3.4445,Poor
CMU_94641,CMU,5.996551723333334,91.666666675,Male,,-0.23492086410024082,120.3793103,3.8002,Poor
CMU_95543,CMU,6.053333333333333,98.6125,Male,,-0.0613014581228207,17.6,3.8335,Insufficient
CMU_95559,CMU,5.858333333333333,79.170833325,Male,,-0.09836044754949534,65.46666667,3.111166667,Poor
CMU_96613,CMU,7.810714285,91.670833325,Male,,-0.015588879564794052,48.96428571,3.666666667,Adequate
CMU_97448,CMU,6.129885056666667,90.279166675,Male,,-0.10011079023108797,84.13793103,3.889,Insufficient
CMU_97990,CMU,5.302083333333333,86.1125,Female,,-1.1989569125470319,49.5,3.611166667,Poor
CMU_98462,CMU,6.012666666666666,84.720833325,Male,,-0.21355957700028877,65.36,3.389,Insufficient
CMU_98700,CMU,7.125862068333333,93.054166675,Female,,-0.12038106851110432,34.51724138,3.8335,Adequate
CMU_99733,CMU,5.405555555,80.554166675,Female,,-0.251100501955857,41.62962963,3.3335,Poor
CMU_99978,CMU,6.390804598333333,90.283333325,Male,,-0.08739265787616687,44.34482759,3.722166667,Insufficient
CMU_61,CMU,7.964912279999999,91.25,Female,,-0.04436960406548148,23.63157895,3.868181773,Adequate
CMU_84390,CMU,5.461111111666667,80.554166675,Female,,-0.12408162096694447,42.0,3.277833333,Poor
