git add data/processed/cmu_sleep_cleaned.csv data/processed/student_habits_cleaned.csvsubject_id,study,cohort,race,gender,first_generation,bedtime_variability,TotalSleepTime,midpoint_sleep,frac_nights_with_data,daytime_sleep,cum_gpa,gpa,term_units,Zterm_units_ZofZ,sleep_hours,sleep_outlier,dataset_source
185,5,lac1,1,1,0,0.116726948,432.2,458.66,0.862068966,24.16,3.0,3.38,73,4.055294859,7.203333333333333,0,CMU
158,5,lac1,0,1,0,0.141680839,391.9310345,364.4655172,1.0,13.13793103,3.66,2.6,64,2.482534122,6.532183908333334,0,CMU
209,5,lac1,1,1,0,1.529289486,344.3043478,560.8913043,0.793103448,14.95652174,3.57,3.07,63,2.30778293,5.738405796666667,0,CMU
102,5,lac1,0,1,1,0.130148455,392.6206897,416.4827586,1.0,54.55172414,3.61,3.56,61,1.958280544,6.543678161666667,0,CMU
174,5,lac1,1,1,0,0.130180898,423.4210526,368.7631579,0.655172414,10.52631579,3.21,4.0,61,1.958280544,7.057017543333333,0,CMU
184,5,lac1,1,1,0,0.209483025,397.4,353.58,0.862068966,22.36,3.2,3.36,60,1.783529351,6.623333333333333,0,CMU
255,5,lac1,1,1,0,0.675488988,348.5925926,434.7037037,0.931034483,20.51851852,3.4,3.19,60,1.783529351,5.809876543333333,0,CMU
265,5,lac1,1,1,0,0.129621959,422.1111111,414.8333333,0.931034483,17.03703704,3.86,3.28,60,1.783529351,7.0351851850000005,0,CMU
343,5,lac1,1,0,0,1.476978738,454.3214286,423.8214286,0.965517241,52.67857143,3.79,3.5,60,1.783529351,7.57202381,0,CMU
137,5,lac1,1,1,0,0.085000354,308.9655172,334.7931034,1.0,85.48275862,3.53,2.55,59,1.608778158,5.149425286666667,0,CMU
279,5,lac1,1,1,0,0.168517574,314.5862069,479.362069,1.0,21.4137931,3.61,3.49,59,1.608778158,5.243103448333333,0,CMU
220,5,lac1,1,1,0,0.064827556,382.1923077,463.5769231,0.896551724,2.269230769,3.82,3.76,58,1.434026965,6.369871795,0,CMU
337,5,lac1,1,1,0,0.089355867,389.7241379,447.862069,1.0,14.55172414,3.33,3.74,58,1.434026965,6.4954022983333335,0,CMU
323,5,lac1,1,0,0,0.224089073,365.7241379,519.4655172,1.0,27.55172414,4.0,4.0,58,1.434026965,6.095402298333334,0,CMU
216,5,lac1,1,1,1,0.141067177,360.0,372.137931,1.0,34.06896552,3.16,3.56,57,1.259275772,6.0,0,CMU
125,5,lac1,1,0,1,0.246896613,366.7586207,431.6724138,1.0,10.24137931,3.0,3.2,57,1.259275772,6.112643678333333,0,CMU
211,5,lac1,1,1,0,0.235034014,292.1034483,424.0344828,1.0,9.379310345,3.77,2.78,57,1.259275772,4.868390805000001,0,CMU
316,5,lac1,0,1,0,0.176744146,446.1304348,383.1956522,0.793103448,23.13043478,3.71,2.83,57,1.259275772,7.435507246666666,0,CMU
153,5,lac1,1,1,1,0.039771117,439.5517241,366.137931,1.0,12.24137931,3.1,3.3,56,1.084524579,7.3258620683333335,0,CMU
130,5,lac1,1,1,0,0.060847151,359.1724138,330.3275862,1.0,6.103448276,4.0,3.44,55,0.909773386,5.986206896666667,0,CMU
303,5,lac1,1,1,0,0.104683603,384.8275862,341.0,1.0,20.20689655,3.17,3.05,55,0.909773386,6.413793103333333,0,CMU
160,5,lac1,1,1,0,0.062372733,372.25,383.2142857,0.965517241,25.03571429,4.0,3.82,54,0.735022193,6.204166666666667,0,CMU
295,5,lac1,1,1,0,0.406257089,402.4166667,349.25,0.827586207,10.91666667,3.47,3.0,54,0.735022193,6.706944445,0,CMU
353,5,lac1,1,1,0,0.060779478,360.862069,452.637931,1.0,22.13793103,3.62,3.81,54,0.735022193,6.014367816666667,0,CMU
172,5,lac1,1,0,0,0.052766794,443.137931,437.862069,1.0,23.79310345,2.91,2.61,54,0.735022193,7.385632183333333,0,CMU
190,5,lac1,1,0,0,0.272011478,375.8,400.64,0.862068966,28.04,3.79,3.17,54,0.735022193,6.263333333333334,0,CMU
197,5,lac1,1,0,0,0.777560262,335.9565217,494.1304348,0.793103448,20.73913043,1.57,2.67,54,0.735022193,5.599275361666667,0,CMU
222,5,lac1,1, ,0,0.161198225,367.4444444,405.8148148,0.931034483,16.25925926,3.5,3.4,53,0.560271,6.124074073333333,0,CMU
181,5,lac1,1,1,0,0.093037333,408.1153846,328.0192308,0.896551724,12.11538462,4.0,4.0,53,0.560271,6.801923076666667,0,CMU
198,5,lac1,0,1,0,0.152839073,371.2758621,321.6034483,1.0,106.4482759,3.3,2.94,53,0.560271,6.187931035,0,CMU
299,5,lac1,0,1,0,1.720101235,300.375,469.6875,0.551724138,9.0,3.28,1.7,53,0.560271,5.00625,0,CMU
142,5,lac1,1,0,0,0.09644487,373.1724138,467.9655172,1.0,23.65517241,4.0,3.81,53,0.560271,6.219540230000001,0,CMU
163,5,lac1,0,0,0,0.252287769,429.862069,437.8275862,1.0,52.65517241,3.52,3.46,53,0.560271,7.164367816666667,0,CMU
236,5,lac1,1,0,0,0.190095486,391.32,410.76,0.862068966,30.76,3.29,3.51,53,0.560271,6.522,0,CMU
247,5,lac1,0,0,0,0.292408633,365.9166667,501.1041667,0.827586207,28.16666667,3.72,3.81,53,0.560271,6.098611111666667,0,CMU
261,5,lac1,1,0,0,0.19883031,342.4545455,468.6136364,0.75862069,21.95454545,3.76,3.8,53,0.560271,5.707575758333333,0,CMU
301,5,lac1,1,0,0,0.093117205,293.4827586,395.2068966,1.0,31.89655172,4.0,3.77,53,0.560271,4.8913793100000005,0,CMU
129,5,lac1,1,1,0,0.090083617,411.3103448,373.1206897,1.0,18.65517241,4.0,3.4,52,0.385519807,6.855172413333333,0,CMU
133,5,lac1,1,1,0,0.646693778,477.9230769,370.3461538,0.896551724,22.03846154,3.48,3.83,52,0.385519807,7.9653846150000005,0,CMU
179,5,lac1,1,1,0,0.090260417,447.6551724,448.3448276,1.0,18.96551724,3.07,2.43,52,0.385519807,7.460919540000001,0,CMU
201,5,lac1,0,1,0,0.21185109,444.2857143,318.3928571,0.965517241,22.10714286,3.71,3.79,52,0.385519807,7.404761905,0,CMU
254,5,lac1,1,1,0,0.040935374,443.3793103,367.2068966,1.0,13.79310345,3.8,4.0,52,0.385519807,7.389655171666666,0,CMU
308,5,lac1,1,1,0,0.109464444,401.0769231,420.6923077,0.896551724,11.42307692,3.74,3.39,52,0.385519807,6.684615385,0,CMU
258,5,lac1,1,0,0,0.129549992,412.5357143,361.0714286,0.965517241,14.75,3.76,3.55,52,0.385519807,6.875595238333333,0,CMU
145,5,lac1,1,1,0,0.087405961,406.52,358.1,0.862068966,39.0,3.72,3.06,51,0.210768614,6.775333333333333,0,CMU
167,5,lac1,1,1,0,0.152065333,445.9230769,322.0961538,0.896551724,14.26923077,4.0,4.0,51,0.210768614,7.432051281666667,0,CMU
168,5,lac1,1,1,0,0.057516652,406.2758621,473.0,1.0,5.862068966,3.23,3.59,51,0.210768614,6.771264368333333,0,CMU
233,5,lac1,1,1,0,0.26249783,362.9411765,496.5882353,0.586206897,18.11764706,2.62,2.46,51,0.210768614,6.049019608333333,0,CMU
304,5,lac1,1,1,0,0.102636412,362.3928571,440.6785714,0.965517241,50.57142857,3.0,3.41,51,0.210768614,6.0398809516666665,0,CMU
123,5,lac1,1,0,0,0.02063244,439.862069,321.6724138,1.0,13.4137931,3.46,4.0,51,0.210768614,7.331034483333334,0,CMU
189,5,lac1,1,1,0,0.207263322,379.4827586,423.4137931,1.0,14.20689655,4.0,3.56,50,0.036017421,6.324712643333333,0,CMU
191,5,lac1,1,1,0,0.094479101,377.8333333,395.6666667,0.827586207,23.83333333,4.0,4.0,50,0.036017421,6.297222221666667,0,CMU
215,5,lac1,1,1,0,0.030682752,424.7241379,346.8103448,1.0,11.65517241,3.79,4.0,50,0.036017421,7.0787356316666665,0,CMU
291,5,lac1,1,1,0,0.253243802,433.3043478,460.1304348,0.793103448,25.39130435,1.21,2.32,50,0.036017421,7.2217391300000005,0,CMU
208,5,lac1,0,0,0,0.427612026,382.4642857,539.5535714,0.965517241,37.07142857,2.65,3.53,50,0.036017421,6.374404761666667,0,CMU
326,5,lac1,0,0,0,1.93218099,399.4705882,560.5882353,0.586206897,29.52941176,1.94,1.79,50,0.036017421,6.657843136666667,0,CMU
332,5,lac1,1,1,1,0.355330813,359.5,444.1875,0.827586207,23.83333333,3.4,3.69,49,-0.138733771,5.991666666666666,0,CMU
234,5,lac1,0,0,1,0.961935111,303.4230769,545.5576923,0.896551724,29.53846154,1.91,2.98,49,-0.138733771,5.057051281666667,0,CMU
104,5,lac1,1,1,0,0.142523531,377.5652174,439.3478261,0.793103448,49.43478261,3.21,3.3,49,-0.138733771,6.292753623333334,0,CMU
173,5,lac1,1,1,0,0.036193294,400.1851852,344.2037037,0.931034483,10.59259259,2.93,3.06,49,-0.138733771,6.669753086666666,0,CMU
241,5,lac1,1,1,0,0.242782369,393.5217391,376.1304348,0.793103448,39.86956522,3.81,3.6,49,-0.138733771,6.558695651666667,0,CMU
357,5,lac1,1,1,0,0.234693778,397.8846154,407.8076923,0.896551724,22.73076923,4.0,4.0,49,-0.138733771,6.631410256666666,0,CMU
196,5,lac1,1,0,0,0.10685833,456.4642857,316.7678571,0.965517241,20.96428571,3.79,3.18,49,-0.138733771,7.607738095,0,CMU
204,5,lac1,0,0,0,1.873413066,393.5789474,349.1578947,0.655172414,66.36842105,2.15,2.76,49,-0.138733771,6.559649123333333,0,CMU
289,5,lac1,0,0,0,0.296888889,400.7142857,526.5238095,0.724137931,60.61904762,2.76,3.23,49,-0.138733771,6.678571428333333,0,CMU
109,5,lac1,1,1,0,0.068976757,422.8275862,415.7068966,1.0,8.862068966,3.09,2.6,48,-0.313484964,7.047126436666667,0,CMU
176,5,lac1,1,1,0,0.116625193,418.44,381.1,0.862068966,32.76,2.5,2.33,48,-0.313484964,6.974,0,CMU
214,5,lac1,1,1,0,0.24006592,477.4285714,346.0535714,0.965517241,23.21428571,4.0,4.0,48,-0.313484964,7.957142856666667,0,CMU
218,5,lac1,1,1,0,0.102371971,442.1071429,424.3392857,0.965517241,9.714285714,4.0,4.0,48,-0.313484964,7.368452381666667,0,CMU
305,5,lac1,1,1,0,0.100925926,361.4285714,430.9107143,0.965517241,15.28571429,3.52,3.26,48,-0.313484964,6.023809523333333,0,CMU
306,5,lac1,1,1,0,0.433917942,330.4827586,439.7758621,1.0,37.79310345,3.56,2.98,48,-0.313484964,5.508045976666667,0,CMU
116,5,lac1,1,0,0,1.178951556,389.3846154,440.9615385,0.896551724,23.84615385,2.82,3.2,48,-0.313484964,6.48974359,0,CMU
120,5,lac1,1,0,0,0.151092059,445.6071429,316.5178571,0.965517241,22.28571429,3.8,4.0,48,-0.313484964,7.426785714999999,0,CMU
147,5,lac1,1,0,0,0.32468254,394.8666667,339.3333333,0.517241379,67.46666667,4.0,4.0,48,-0.313484964,6.581111111666667,0,CMU
164,5,lac1,1,0,0,0.016258192,387.9285714,421.1964286,0.965517241,31.82142857,3.26,3.04,48,-0.313484964,6.46547619,0,CMU
171,5,lac1,1,0,0,0.078486208,414.72,496.16,0.862068966,17.76,3.77,3.25,48,-0.313484964,6.912000000000001,0,CMU
175,5,lac1,1,0,0,0.213579556,307.3461538,295.5384615,0.896551724,17.76923077,3.4,3.6,48,-0.313484964,5.122435896666667,0,CMU
183,5,lac1,1,0,0,0.034796981,437.6206897,472.9655172,1.0,24.5862069,3.41,3.19,48,-0.313484964,7.293678161666667,0,CMU
249,5,lac1,1,0,0,0.321985597,394.1428571,539.4821429,0.965517241,17.07142857,3.61,3.38,48,-0.313484964,6.569047618333333,0,CMU
310,5,lac1,0,0,0,0.178527239,398.5,379.6,0.689655172,7.6,3.35,3.38,48,-0.313484964,6.641666666666667,0,CMU
200,5,lac1,1,1,0,0.436563935,463.9130435,366.0,0.793103448,30.60869565,3.71,3.77,47,-0.488236157,7.731884058333334,0,CMU
280,5,lac1,1,1,0,0.191501235,352.8125,435.71875,0.551724138,37.5,2.33,3.5,47,-0.488236157,5.880208333333333,0,CMU
194,5,lac1,1,0,0,0.110142361,370.5238095,451.6904762,0.724137931,27.76190476,3.76,3.38,47,-0.488236157,6.175396825000001,0,CMU
311,5,lac1,1,1,0,0.173333714,378.25,460.7321429,0.965517241,38.21428571,3.21,2.49,46,-0.66298735,6.304166666666666,0,CMU
346,5,lac1,1,1,0,0.084680213,361.4736842,395.7631579,0.655172414,19.89473684,3.74,3.48,46,-0.66298735,6.024561403333333,0,CMU
347,5,lac1,1,1,0,0.094963152,445.5862069,313.4482759,1.0,31.89655172,3.74,3.74,46,-0.66298735,7.426436781666666,0,CMU
313,5,lac1,1,1,1,0.271192444,378.0769231,497.0,0.896551724,21.65384615,3.29,2.47,45,-0.837738543,6.301282051666666,0,CMU
334,5,lac1,1,1,1,0.171095994,388.8181818,493.1363636,0.75862069,13.77272727,3.21,2.6,45,-0.837738543,6.48030303,0,CMU
309,5,lac1,0,0,1,0.098627959,438.6296296,552.2777778,0.931034483,48.03703704,2.57,2.4,45,-0.837738543,7.310493826666667,0,CMU
148,5,lac1,1,1,0,0.422895299,324.6296296,371.3333333,0.931034483,21.66666667,2.0,2.8,45,-0.837738543,5.4104938266666665,0,CMU
180,5,lac1,1,1,0,0.031395621,574.3448276,353.7758621,1.0,15.75862069,3.49,3.6,45,-0.837738543,9.572413793333334,0,CMU
202,5,lac1,0,1,0,0.173230938,300.3793103,465.4137931,1.0,61.34482759,1.95,3.0,45,-0.837738543,5.006321838333333,0,CMU
229,5,lac1,1,1,0,0.292521529,367.7916667,560.125,0.827586207,28.41666667,3.0,3.75,45,-0.837738543,6.129861111666667,0,CMU
266,5,lac1,0,1,0,0.165656888,360.6896552,419.7068966,1.0,33.89655172,3.07,2.4,45,-0.837738543,6.011494253333334,0,CMU
284,5,lac1,1,1,0,0.706547068,383.32,531.98,0.862068966,26.28,3.0,3.6,45,-0.837738543,6.3886666666666665,0,CMU
287,5,lac1,1,1,0,0.226937459,398.9259259,442.3518519,0.931034483,21.48148148,3.39,3.6,45,-0.837738543,6.648765431666666,0,CMU
288,5,lac1,1,1,0,0.170893327,460.5185185,324.5185185,0.931034483,24.85185185,3.57,2.6,45,-0.837738543,7.675308641666667,0,CMU
292,5,lac1,1,1,0,0.245657552,349.3529412,473.9411765,0.586206897,14.41176471,3.39,3.8,45,-0.837738543,5.822549019999999,0,CMU
302,5,lac1,1,1,0,0.134572889,326.5,369.2692308,0.896551724,34.80769231,3.25,3.4,45,-0.837738543,5.441666666666666,0,CMU
307,5,lac1,1,1,0,0.15196464,399.8928571,358.8035714,0.965517241,17.39285714,2.67,3.13,45,-0.837738543,6.6648809516666665,0,CMU
333,5,lac1,1,1,0,0.137169995,360.6086957,419.0869565,0.793103448,23.08695652,3.79,4.0,45,-0.837738543,6.010144928333333,0,CMU
144,5,lac1,1,0,0,0.10466447,431.2758621,352.362069,1.0,17.79310345,3.05,2.73,45,-0.837738543,7.187931035,0,CMU
264,5,lac1,1,0,0,0.340234316,411.8636364,406.2727273,0.75862069,26.13636364,2.91,3.4,45,-0.837738543,6.86439394,0,CMU
322,5,lac1,1,0,0,0.196002896,421.8928571,424.8214286,0.965517241,40.92857143,2.9,3.36,45,-0.837738543,7.031547618333334,0,CMU
329,5,lac1,1,0,0,0.235472108,465.9285714,592.5535714,0.965517241,31.71428571,2.84,3.12,45,-0.837738543,7.76547619,0,CMU
149,5,lac1,1,0,0,0.167170569,402.6521739,365.1956522,0.793103448,10.52173913,2.49,2.77,44,-1.012489736,6.710869564999999,0,CMU
240,5,lac1,0,0,0,0.055016652,370.4482759,404.9310345,1.0,20.20689655,3.8,3.22,44,-1.012489736,6.1741379316666665,0,CMU
276,5,lac1,1,1,1,0.1557908,338.2916667,362.7916667,0.827586207,11.29166667,3.43,3.21,43,-1.187240929,5.638194445,0,CMU
157,5,lac1,0,0,1,0.071669543,428.6296296,323.7777778,0.931034483,21.2962963,2.44,3.07,43,-1.187240929,7.14382716,0,CMU
119,5,lac1,0,1,0,0.075134283,465.4482759,315.3275862,1.0,15.34482759,2.7,1.97,43,-1.187240929,7.757471265,0,CMU
136,5,lac1,1,1,0,0.079280045,414.0689655,432.5,1.0,13.96551724,3.23,3.49,43,-1.187240929,6.901149425,0,CMU
224,5,lac1,1,0,0,0.077541914,345.8928571,414.0714286,0.965517241,21.67857143,4.0,4.0,43,-1.187240929,5.764880951666667,0,CMU
300,5,lac1,1,1,0,0.251342474,413.3793103,386.7068966,1.0,41.93103448,2.96,3.28,42,-1.361992122,6.889655171666666,0,CMU
242,5,lac1,1,0,0,0.044951814,413.6206897,420.4310345,1.0,17.68965517,3.49,3.54,42,-1.361992122,6.893678161666667,0,CMU
282,5,lac1,1,0,0,0.147337372,416.7241379,384.2413793,1.0,44.62068966,2.93,3.57,42,-1.361992122,6.945402298333334,0,CMU
341,5,lac1,1,1,0,0.130785256,351.6296296,408.0555556,0.931034483,5.074074074,3.5,3.51,41,-1.536743315,5.860493826666667,0,CMU
124,5,lac1,0,0,0,0.075138315,444.9130435,347.3913043,0.793103448,30.52173913,4.0,4.0,41,-1.536743315,7.415217391666667,0,CMU
312,5,lac1,1,0,0,0.222430073,375.08,461.54,0.862068966,33.88,3.47,3.29,41,-1.536743315,6.251333333333333,0,CMU
297,5,lac1,1,1,0,1.383386111,335.8571429,610.6666667,0.724137931,72.66666667,3.27,3.03,40,-1.711494508,5.597619048333333,0,CMU
110,5,lac1,1,0,0,0.150463081,392.2413793,387.0862069,1.0,23.31034483,4.0,4.0,40,-1.711494508,6.537356321666667,0,CMU
166,5,lac1,0,0,0,0.064726474,357.0344828,446.7241379,1.0,47.06896552,2.0,1.5,40,-1.711494508,5.950574713333333,0,CMU
170,5,lac1,1,0,0,0.493485612,348.0833333,430.3958333,0.827586207,22.08333333,2.6,3.08,39,-1.886245701,5.801388888333333,0,CMU
538,3,uw2,1,0,2,0.032421125,402.9642857,294.8035714,1.0,23.39285714,3.552758621,3.27,18,1.603330987,6.716071428333334,0,CMU
518,1,lac2,1,1,1,0.646986765,296.95,466.825,0.689655172,60.6,4.0,4.0,53,1.065991594,4.949166666666667,0,CMU
653,1,lac2,1,1,1,0.185261134,313.8695652,402.0217391,0.793103448,64.95652174,2.98,3.28,50,0.350165843,5.23115942,0,CMU
6,2,uw1,1,1,1,0.138198222,406.8846154,358.8653846,0.928571429,39.38461538,3.426666267,3.476923,13,-0.497815123,6.781410256666666,0,CMU
19,2,uw1,1,1,1,0.09267432,411.2666667,349.5333333,0.535714286,27.33333333,3.265517103,3.1,15,0.373361342,6.8544444449999995,0,CMU
32,2,uw1,1,1,1,0.062150968,405.2142857,363.25,1.0,39.57142857,3.17999955,3.5,10,-1.80457982,6.753571428333333,0,CMU
33,2,uw1,1,1,1,0.110143652,396.5,410.7678571,1.0,75.60714286,2.566666,2.992307,13,-0.497815123,6.608333333333333,0,CMU
34,2,uw1,1,1,1,0.206592971,389.0,300.4666667,0.535714286,24.26666667,3.740740481,3.478571,14,-0.06222689,6.483333333333333,0,CMU
37,2,uw1,1,1,1,0.048181299,434.0,343.3214286,1.0,8.642857143,3.6999995,3.192857,14,-0.06222689,7.233333333333333,0,CMU
42,2,uw1,1,1,1,0.095797516,425.4642857,334.0535714,1.0,25.96428571,3.799999864,3.95,10,-1.80457982,7.091071428333334,0,CMU
43,2,uw1,1,1,1,0.041141213,394.8928571,362.7142857,1.0,13.10714286,3.6999995,3.866666,12,-0.933403355,6.5815476183333335,0,CMU
44,2,uw1,0,1,1,0.397048414,469.5,473.8958333,0.857142857,31.29166667,3.126470529,2.728571,14,-0.06222689,7.825,0,CMU
50,2,uw1,1,1,1,0.077292899,412.5555556,323.7962963,0.964285714,68.55555556,3.599999619,3.435714,14,-0.06222689,6.875925926666667,0,CMU
78,2,uw1,1,1,1,0.061395464,408.5555556,397.1666667,0.964285714,34.51851852,3.499999667,3.466666,15,0.373361342,6.80925926,0,CMU
80,2,uw1,1,1,1,0.051161243,430.037037,436.7407407,0.964285714,43.33333333,3.65,3.527777,18,1.680126039,7.16728395,0,CMU
82,2,uw1,1,1,1,0.024217345,398.5,343.8392857,1.0,21.67857143,3.796551103,3.666666,15,0.373361342,6.641666666666667,0,CMU
84,2,uw1,1,1,1,0.23578075,377.5357143,423.5178571,1.0,86.28571429,3.78399956,3.753846,13,-0.497815123,6.292261905,0,CMU
86,2,uw1,1,1,1,0.087243179,394.3928571,324.125,1.0,98.28571429,3.4875,3.646666,15,0.373361342,6.573214285000001,0,CMU
89,2,uw1,1,1,1,0.200582336,398.9166667,340.4166667,0.857142857,79.33333333,3.375,2.26923,13,-0.497815123,6.648611111666667,0,CMU
98,2,uw1,1,1,1,0.889206295,407.3214286,558.7142857,1.0,99.10714286,3.370967742,3.966666,15,0.373361342,6.788690476666667,0,CMU
108,2,uw1,1,1,1,0.047048889,498.9230769,452.9423077,0.928571429,24.88461538,3.249999679,3.076923,13,-0.497815123,8.315384615000001,0,CMU
117,2,uw1,1,1,1,1.282576208,390.4642857,366.1964286,1.0,63.67857143,3.351724138,2.690909,11,-1.368991587,6.507738095,0,CMU
125,2,uw1,1,1,1,0.800732444,367.8846154,499.6538462,0.928571429,95.92307692,3.279310103,3.766666,15,0.373361342,6.131410256666666,0,CMU
132,2,uw1,0,1,1,0.089126276,430.4285714,319.6428571,1.0,71.07142857,2.331817364,3.446153,13,-0.497815123,7.173809523333333,0,CMU
137,2,uw1,0,1,1,0.23569239,392.8518519,390.4444444,0.964285714,42.2962963,3.6599998,3.533333,15,0.373361342,6.547530865,0,CMU
144,2,uw1,1,1,1,0.141548544,335.1785714,365.3214286,1.0,52.85714286,3.35599984,2.871428,14,-0.06222689,5.586309523333333,0,CMU
149,2,uw1,0,1,1,0.113198826,369.2857143,329.5357143,1.0,97.89285714,2.7,3.0,12,-0.933403355,6.154761905,0,CMU
169,2,uw1,0,1,1,0.02851547,471.3214286,303.8035714,1.0,12.57142857,3.543749469,3.517647,17,1.244537807,7.855357143333333,0,CMU
174,2,uw1,1,1,1,0.203303556,404.9615385,571.25,0.928571429,47.42307692,2.310344414,3.376923,13,-0.497815123,6.749358975000001,0,CMU
176,2,uw1,1,1,1,0.215095743,374.8888889,419.2962963,0.964285714,23.37037037,2.249999462,2.870588,17,1.244537807,6.248148148333333,0,CMU
305,3,uw2,1,1,1,0.06082114,434.8571429,394.2321429,1.0,16.82142857,3.775,3.92,13,-1.000208817,7.247619048333333,0,CMU
325,3,uw2,1,1,1,0.156672001,353.3214286,413.6964286,1.0,36.14285714,3.010952381,3.39,16,0.561915066,5.888690476666667,0,CMU
328,3,uw2,1,1,1,0.123791724,349.5714286,346.1071429,1.0,98.0,3.835909091,3.85,13,-1.000208817,5.826190476666667,0,CMU
357,3,uw2,1,1,1,0.012224127,445.6428571,258.5892857,1.0,31.17857143,3.16,3.53,15,0.041207105,7.427380951666667,0,CMU
420,3,uw2,1,1,1,0.066671393,336.0416667,328.25,0.857142857,57.91666667,3.156818182,2.9,12,-1.520916778,5.600694445,0,CMU
421,3,uw2,1,1,1,0.072580018,416.1785714,342.125,1.0,28.28571429,3.201111111,3.62,18,1.603330987,6.936309523333334,0,CMU
433,3,uw2,1,1,1,0.114567139,438.8928571,379.1785714,1.0,24.82142857,3.534444444,3.72,14,-0.479500856,7.314880951666667,0,CMU
455,3,uw2,1,1,1,0.11494213,373.56,368.72,0.892857143,73.44,2.605714286,2.57,15,0.041207105,6.226,0,CMU
457,3,uw2,1,1,1,0.051178324,420.9166667,336.0416667,0.857142857,36.95833333,3.482173913,3.33,16,0.561915066,7.015277778333333,0,CMU
466,3,uw2,0,1,1,0.030177564,385.0357143,314.7857143,1.0,11.39285714,3.802083333,3.85,18,1.603330987,6.417261905,0,CMU
470,3,uw2,1,1,1,0.632601411,405.2272727,392.3409091,0.785714286,31.59090909,2.9855,1.55,11,-2.041624739,6.753787878333333,0,CMU
471,3,uw2,0,1,1,0.080024595,402.6,384.86,0.892857143,73.32,3.800454545,3.25,13,-1.000208817,6.71,0,CMU
473,3,uw2,0,1,1,0.12400189,410.1111111,280.537037,0.964285714,50.37037037,3.662727273,3.35,13,-1.000208817,6.835185185,0,CMU
504,3,uw2,0,1,1,1.20157832,335.6296296,377.9259259,0.964285714,41.44444444,2.850714286,2.97,16,0.561915066,5.59382716,0,CMU
517,3,uw2,1,1,1,0.023310185,511.8,392.28,0.892857143,32.12,3.24,2.8,13,-1.000208817,8.53,0,CMU
526,3,uw2,1,1,1,0.019544277,409.75,407.5178571,1.0,30.0,3.26,3.52,13,-1.000208817,6.829166666666667,0,CMU
551,3,uw2,1,1,1,0.940313778,414.7692308,426.7692308,0.928571429,70.07692308,3.426551724,3.37,15,0.041207105,6.912820513333333,0,CMU
305,1,lac2,0,0,1,1.068854167,346.8095238,541.2619048,0.724137931,78.14285714,2.37,2.54,49,0.11155726,5.78015873,0,CMU
322,1,lac2,0,0,1,0.039987954,447.3793103,267.7758621,1.0,23.44827586,4.0,3.81,48,-0.127051324,7.456321838333333,0,CMU
615,1,lac2,1,0,1,2.566892792,250.3913043,628.0434783,0.793103448,80.82608696,3.58,2.55,54,1.304600178,4.173188405,0,CMU
617,1,lac2,0,0,1,2.033929167,320.952381,471.6666667,0.724137931,18.28571429,4.0,3.63,48,-0.127051324,5.34920635,0,CMU
48,2,uw1,1,0,1,0.031665845,329.037037,389.2222222,0.964285714,50.88888889,3.627272545,3.5,10,-1.80457982,5.483950616666666,0,CMU
60,2,uw1,0,0,1,0.210721689,388.1785714,372.8571429,1.0,69.32142857,3.629166333,3.466666,15,0.373361342,6.469642856666667,0,CMU
90,2,uw1,0,0,1,0.067465972,422.6666667,285.547619,0.75,11.76190476,3.434482069,3.483333,12,-0.933403355,7.044444445,0,CMU
104,2,uw1,0,0,1,0.272334222,405.8461538,334.9615385,0.928571429,34.69230769,3.5249996,3.4,10,-1.80457982,6.764102563333334,0,CMU
150,2,uw1,0,0,1,1.208914715,368.0434783,382.6304348,0.821428571,48.52173913,2.8999996,3.15,18,1.680126039,6.1340579716666666,0,CMU
154,2,uw1,1,0,1,0.083661748,402.28,404.64,0.892857143,65.28,3.3499995,3.76923,13,-0.497815123,6.704666666666666,0,CMU
163,2,uw1,1,0,1,0.894180638,474.9259259,445.4814815,0.964285714,59.07407407,3.896774032,4.0,15,0.373361342,7.915432098333333,0,CMU
186,2,uw1,1,0,1,0.129168381,419.4736842,373.2631579,0.678571429,51.10526316,3.925806129,3.888888,18,1.680126039,6.99122807,0,CMU
196,2,uw1,0,0,1,0.142839826,414.2962963,380.7222222,0.964285714,26.85185185,3.58749975,3.65,10,-1.80457982,6.9049382716666665,0,CMU
201,2,uw1,1,0,1,0.138447266,391.3529412,396.6176471,0.607142857,36.29411765,2.738461154,2.35,10,-1.80457982,6.52254902,0,CMU
206,2,uw1,0,0,1,0.057496302,351.4814815,376.3148148,0.964285714,111.1851852,3.681818,3.95,10,-1.80457982,5.8580246916666665,0,CMU
209,2,uw1,1,0,1,0.091071864,439.7142857,280.125,1.0,29.85714286,3.608695435,3.73125,16,0.808949574,7.328571428333333,0,CMU
304,3,uw2,1,0,1,0.370200694,362.2857143,319.5952381,0.75,82.57142857,2.9484,2.64,15,0.041207105,6.038095238333333,0,CMU
321,3,uw2,0,0,1,0.121005506,413.7407407,432.1851852,0.964285714,44.03703704,3.048181818,3.67,17,1.082623027,6.895679011666667,0,CMU
337,3,uw2,0,0,1,0.089489026,411.6428571,445.2321429,1.0,37.85714286,3.455,2.97,17,1.082623027,6.860714285,0,CMU
398,3,uw2,1,0,1,0.187559823,446.1785714,364.6071429,1.0,84.82142857,3.13,3.0,15,0.041207105,7.436309523333334,0,CMU
400,3,uw2,0,0,1,0.566819845,421.7857143,441.1785714,1.0,35.67857143,3.0425,3.53,15,0.041207105,7.029761905,0,CMU
406,3,uw2,1,0,1,0.162916095,395.3571429,373.9821429,1.0,34.67857143,3.7,3.32,18,1.603330987,6.589285715,0,CMU
415,3,uw2,0,0,1,0.102869989,360.75,374.9642857,1.0,51.57142857,2.206363636,2.54,17,1.082623027,6.0125,0,CMU
440,3,uw2,1,0,1,0.017128487,438.4642857,313.6785714,1.0,30.21428571,3.818,3.63,15,0.041207105,7.307738095,0,CMU
443,3,uw2,0,0,1,0.039699741,383.7142857,383.4107143,1.0,53.89285714,2.961363636,3.45,13,-1.000208817,6.395238095,0,CMU
467,3,uw2,0,0,1,0.0188344,438.6428571,266.75,1.0,23.71428571,3.728181818,3.5,16,0.561915066,7.310714285,0,CMU
472,3,uw2,0,0,1,0.136234187,404.3928571,332.125,1.0,61.07142857,2.99625,1.8,12,-1.520916778,6.739880951666667,0,CMU
481,3,uw2,1,0,1,0.189820911,425.7857143,350.5892857,1.0,29.82142857,3.735,3.4,13,-1.000208817,7.096428571666666,0,CMU
496,3,uw2,0,0,1,0.021804401,507.1,322.1,0.714285714,19.85,3.7075,3.1,15,0.041207105,8.451666666666666,0,CMU
500,3,uw2,0,0,1,0.199746817,447.56,400.04,0.892857143,44.16,3.4136,3.47,15,0.041207105,7.459333333333333,0,CMU
521,3,uw2,1,0,1,0.172469221,386.2,337.9,0.714285714,47.8,3.456,3.15,13,-1.000208817,6.4366666666666665,0,CMU
535,3,uw2,1,0,1,0.121737558,384.6,341.88,0.892857143,58.96,3.075,2.46,15,0.041207105,6.41,0,CMU
543,3,uw2,1,0,1,0.152323579,417.1785714,361.0714286,1.0,70.60714286,2.617058824,3.35,17,1.082623027,6.95297619,0,CMU
560,3,uw2,0,0,1,0.051465478,509.2857143,405.1607143,1.0,33.46428571,3.155769231,3.47,16,0.561915066,8.488095238333333,0,CMU
14847,4,nh,1,1,1,0.131812657,456.5666667,385.4333333,1.0,51.03333333,3.333166667,3.666833333, , ,7.609444444999999,0,CMU
17020,4,nh,0,0,1,0.209351852,429.6071429,425.3392857,0.933333333,59.67857143,3.166666667,3.5, , ,7.160119048333333,0,CMU
18707,4,nh,1,1,1,0.052274078,419.9,310.9,1.0,57.0,2.9334,3.277833333, , ,6.998333333333333,0,CMU
51723,4,nh,1,0,1,0.265968809,273.9166667,455.75,0.8,30.5,2.8002,3.4668, , ,4.565277778333334,0,CMU
72885,4,nh,1,0,1,0.083405668,356.8333333,414.4166667,1.0,45.76666667,3.3334,3.2666, , ,5.947222221666666,0,CMU
79897,4,nh,1,1,1,0.079217532,384.2,369.4833333,1.0,52.33333333,3.722166667,3.722333333, , ,6.403333333333333,0,CMU
92566,4,nh,1,0,1,0.161342456,327.5185185,362.2037037,0.9,39.74074074,3.6666,3.809571429, , ,5.458641975000001,0,CMU
94455,4,nh,1,0,1,0.100262667,275.8461538,382.0961538,0.866666667,40.84615385,3.055666667,3.333333333, , ,4.597435896666667,0,CMU
334,1,lac2,1, ,0,0.171855513,315.6206897,436.1896552,1.0,18.48275862,3.2,3.63,55,1.543208762,5.260344828333333,0,CMU
424,3,uw2,1, ,0,0.096448331,480.6071429,327.4642857,1.0,23.82142857,3.140833333,2.8,15,0.041207105,8.010119048333333,0,CMU
293,1,lac2,1,1,0,0.050011917,370.037037,500.3333333,0.931034483,11.74074074,4.0,3.76,49,0.11155726,6.16728395,0,CMU
294,1,lac2,1,1,0,0.047560282,406.76,359.48,0.862068966,49.72,4.0,3.55,49,0.11155726,6.779333333333333,0,CMU
297,1,lac2,0,1,0,0.163861762,253.7647059,398.2352941,0.586206897,178.4705882,3.0,3.59,46,-0.604268491,4.229411765,0,CMU
303,1,lac2,1,1,0,0.785404339,411.8518519,532.1111111,0.931034483,26.14814815,3.8,3.46,39,-2.274528576,6.864197531666666,0,CMU
304,1,lac2,0,1,0,0.153815746,408.1111111,354.037037,0.931034483,71.62962963,3.17,3.5,39,-2.274528576,6.801851851666667,0,CMU
315,1,lac2,1,1,0,0.415880067,430.125,471.7083333,0.827586207,19.41666667,4.0,3.61,47,-0.365659907,7.16875,0,CMU
321,1,lac2,1,1,0,0.10691358,357.72,431.52,0.862068966,35.4,4.0,3.44,54,1.304600178,5.962000000000001,0,CMU
333,1,lac2,1,1,0,0.045117932,402.1481481,444.2777778,0.931034483,52.88888889,3.79,4.0,46,-0.604268491,6.702469135,0,CMU
337,1,lac2,1,1,0,0.188245111,367.7586207,425.2931034,1.0,10.55172414,3.57,3.81,51,0.588774427,6.1293103449999995,0,CMU
338,1,lac2,1,1,0,0.645294214,366.4074074,406.2037037,0.931034483,35.62962963,3.7,3.57,50,0.350165843,6.106790123333334,0,CMU
342,1,lac2,1,1,0,0.109858667,455.6153846,434.0961538,0.896551724,23.5,4.0,4.0,51,0.588774427,7.593589743333334,0,CMU
343,1,lac2,1,1,0,0.757776063,330.8947368,551.2105263,0.655172414,40.31578947,2.92,3.12,50,0.350165843,5.51491228,0,CMU
350,1,lac2,1,1,0,0.347546667,406.7307692,391.3653846,0.896551724,10.96153846,3.74,3.81,52,0.827383011,6.778846153333333,0,CMU
376,1,lac2,1,1,0,0.024228014,455.4285714,308.4821429,0.965517241,26.89285714,3.48,2.98,48,-0.127051324,7.59047619,0,CMU
378,1,lac2,1,1,0,0.540711111,299.0952381,414.952381,0.724137931,28.28571429,4.0,4.0,51,0.588774427,4.984920635,0,CMU
379,1,lac2,1,1,0,0.173659556,343.0769231,493.5192308,0.896551724,24.5,3.07,4.0,48,-0.127051324,5.717948718333333,0,CMU
390,1,lac2,1,1,0,1.98878316,283.1111111,585.1944444,0.620689655,30.72222222,3.81,3.56,48,-0.127051324,4.718518518333334,0,CMU
395,1,lac2,1,1,0,0.134137327,338.6785714,424.4285714,0.965517241,13.89285714,3.4,3.81,51,0.588774427,5.644642856666667,0,CMU
402,1,lac2,1,1,0,0.125710841,427.28,487.52,0.862068966,46.16,3.76,3.72,43,-1.320094242,7.121333333333333,0,CMU
413,1,lac2,1,1,0,0.197647843,413.7857143,408.0,0.965517241,47.14285714,3.79,3.0,51,0.588774427,6.896428571666666,0,CMU
422,1,lac2,1,1,0,0.062386671,373.88,383.36,0.862068966,34.52,3.29,3.28,45,-0.842877075,6.231333333333334,0,CMU
427,1,lac2,1,1,0,0.610249433,452.5333333,407.0666667,0.517241379,82.26666667,4.0,4.0,55,1.543208762,7.542222221666666,0,CMU
430,1,lac2,1,1,0,0.209741355,301.3103448,486.2241379,1.0,21.17241379,3.58,3.24,56,1.781817345,5.02183908,0,CMU
452,1,lac2,1,1,0,0.028315264,394.8275862,342.7586207,1.0,16.0,4.0,4.0,50,0.350165843,6.58045977,0,CMU
454,1,lac2,1,1,0,0.298978588,384.96,369.0,0.862068966,57.4,3.12,3.6,45,-0.842877075,6.4159999999999995,0,CMU
461,1,lac2,1,1,0,0.153550907,424.6785714,373.9464286,0.965517241,8.464285714,3.81,3.59,49,0.11155726,7.07797619,0,CMU
463,1,lac2,1,1,0,0.253501397,341.4814815,409.537037,0.931034483,34.2962963,3.49,3.6,45,-0.842877075,5.6913580249999995,0,CMU
466,1,lac2,1,1,0,0.806630658,349.6315789,540.6052632,0.655172414,36.78947368,2.65,3.49,48,-0.127051324,5.827192981666667,0,CMU
473,1,lac2,1,1,0,0.829391934,400.5416667,405.7916667,0.827586207,36.95833333,3.25,2.49,38,-2.51313716,6.675694445,0,CMU
476,1,lac2,1,1,0,0.107086953,406.75,385.2857143,0.965517241,24.67857143,3.52,3.45,40,-2.035919993,6.779166666666667,0,CMU
483,1,lac2,1,1,0,0.718650794,336.1724138,477.0689655,1.0,85.79310345,3.78,3.8,49,0.11155726,5.6028735633333335,0,CMU
487,1,lac2,0,1,0,0.522706173,219.875,396.46875,0.551724138,136.1875,2.78,1.5,46,-0.604268491,3.6645833333333333,0,CMU
489,1,lac2,1,1,0,0.042136488,481.1785714,349.1964286,0.965517241,19.10714286,4.0,4.0,53,1.065991594,8.019642856666668,0,CMU
507,1,lac2,1,1,0,0.111303155,428.3684211,361.6052632,0.655172414,7.052631579,3.69,3.76,56,1.781817345,7.139473685,0,CMU
522,1,lac2,1,1,0,0.083909505,421.3529412,453.1470588,0.586206897,17.94117647,4.0,3.53,47,-0.365659907,7.02254902,0,CMU
525,1,lac2,1,1,0,0.900247396,351.2,476.64,0.862068966,45.4,3.55,2.6,53,1.065991594,5.8533333333333335,0,CMU
559,1,lac2,1,1,0,0.376793639,370.4814815,627.5925926,0.931034483,32.77777778,3.57,3.0,48,-0.127051324,6.174691358333333,0,CMU
572,1,lac2,1,1,0,2.762805556,347.8571429,533.1428571,0.724137931,62.38095238,3.8,3.59,46,-0.604268491,5.797619048333333,0,CMU
595,1,lac2,0,1,0,0.044082341,408.2758621,348.6896552,1.0,54.4137931,2.49,2.84,49,0.11155726,6.804597701666666,0,CMU
644,1,lac2,1,1,0,2.196203556,415.7692308,432.0192308,0.896551724,64.61538462,3.17,2.8,46,-0.604268491,6.92948718,0,CMU
671,1,lac2,1,1,0,0.036821333,414.6923077,424.9230769,0.896551724,18.53846154,3.8,4.0,47,-0.365659907,6.911538461666667,0,CMU
4,2,uw1,1,1,0,0.117315556,447.5,372.3461538,0.928571429,28.15384615,3.7666665,3.5,14,-0.06222689,7.458333333333333,0,CMU
8,2,uw1,1,1,0,0.553016975,456.72,364.8,0.892857143,61.56,3.5999996,3.127777,18,1.680126039,7.612,0,CMU
14,2,uw1,1,1,0,0.044828151,518.5714286,342.9107143,1.0,30.53571429,3.533333,3.9,15,0.373361342,8.642857143333334,0,CMU
15,2,uw1,1,1,0,0.064903978,493.5714286,260.2142857,1.0,31.75,3.746153846,3.9,15,0.373361342,8.226190476666666,0,CMU
20,2,uw1,1,1,0,0.112528959,274.1785714,315.6071429,1.0,152.6428571,2.882758207,2.75,14,-0.06222689,4.5696428566666665,0,CMU
22,2,uw1,1,1,0,0.128678222,494.3846154,305.1730769,0.928571429,54.11538462,3.15185137,3.1,15,0.373361342,8.23974359,0,CMU
23,2,uw1,1,1,0,0.068741046,444.8928571,314.6607143,1.0,35.71428571,2.915384,2.933333,15,0.373361342,7.4148809516666665,0,CMU
24,2,uw1,1,1,0,0.06241579,382.1785714,477.2857143,1.0,54.89285714,3.451851556,3.8,15,0.373361342,6.369642856666667,0,CMU
26,2,uw1,1,1,0,0.141044444,467.1875,392.5,0.571428571,29.75,2.916666,1.7,15,0.373361342,7.786458333333333,0,CMU
30,2,uw1,1,1,0,0.602623274,438.7037037,405.5555556,0.964285714,41.77777778,3.33571375,3.933333,15,0.373361342,7.311728395,0,CMU
31,2,uw1,1,1,0,0.083347304,459.4814815,281.1481481,0.964285714,14.81481481,4.0,4.0,13,-0.497815123,7.658024691666666,0,CMU
35,2,uw1,1,1,0,0.307469517,441.0357143,345.0,1.0,36.53571429,3.532257903,3.6,15,0.373361342,7.350595238333333,0,CMU
46,2,uw1,1,1,0,0.457633333,328.8846154,497.3269231,0.928571429,88.11538462,3.651515121,3.344444,18,1.680126039,5.481410256666666,0,CMU
55,2,uw1,0,1,0,2.172514793,255.3703704,560.9814815,0.964285714,46.44444444,3.346428179,2.5,10,-1.80457982,4.2561728400000005,0,CMU
58,2,uw1,1,1,0,0.060625,511.2592593,320.462963,0.964285714,37.92592593,3.583333,3.55,10,-1.80457982,8.520987655,0,CMU
62,2,uw1,0,1,0,3.360042202,422.2727273,640.2272727,0.785714286,54.59090909,3.7799996,3.266666,15,0.373361342,7.037878788333333,0,CMU
64,2,uw1,1,1,0,0.439572176,442.0,404.05,0.714285714,34.75,3.8166665,3.933333,15,0.373361342,7.366666666666666,0,CMU
67,2,uw1,1,1,0,0.104858646,402.5925926,342.3333333,0.964285714,18.81481481,3.912902516,3.85,16,0.808949574,6.709876543333333,0,CMU
68,2,uw1,0,1,0,0.038330285,430.1428571,317.75,1.0,24.78571429,3.528571429,3.653846,13,-0.497815123,7.169047618333334,0,CMU
73,2,uw1,1,1,0,0.175588235,418.1666667,325.25,0.642857143,18.22222222,4.0,3.972727,11,-1.368991587,6.969444445,0,CMU
74,2,uw1,1,1,0,0.080836621,432.1851852,478.0925926,0.964285714,41.55555556,3.6999995,3.623076,13,-0.497815123,7.20308642,0,CMU
75,2,uw1,1,1,0,0.079898643,487.4642857,305.9464286,1.0,36.92857143,3.82,3.66923,13,-0.497815123,8.124404761666666,0,CMU
87,2,uw1,1,1,0,0.074575903,408.75,297.3928571,1.0,18.92857143,3.749999643,3.875,16,0.808949574,6.8125,0,CMU
91,2,uw1,1,1,0,0.108675888,369.5357143,358.4285714,1.0,67.57142857,3.818749563,3.752941,17,1.244537807,6.158928571666666,0,CMU
92,2,uw1,1,1,0,0.155477442,485.7142857,314.2857143,1.0,27.42857143,3.077418968,3.230769,13,-0.497815123,8.095238095000001,0,CMU
102,2,uw1,0,1,0,0.607304405,497.3571429,507.9285714,0.5,50.07142857,2.603447931,3.9,13,-0.497815123,8.289285715,0,CMU
103,2,uw1,1,1,0,0.129575719,383.6666667,327.125,0.857142857,6.625,3.913792345,4.0,15,0.373361342,6.394444445,0,CMU
109,2,uw1,1,1,0,0.106907556,371.0769231,330.9615385,0.928571429,51.03846154,3.315151182,3.721428,14,-0.06222689,6.184615385,0,CMU
111,2,uw1,0,1,0,0.54766276,454.7058824,450.2058824,0.607142857,46.17647059,3.2799998,3.5,10,-1.80457982,7.578431373333333,0,CMU
113,2,uw1,0,1,0,0.131948255,355.8214286,409.2857143,1.0,59.25,3.3799998,3.5,15,0.373361342,5.9303571433333335,0,CMU
116,2,uw1,1,1,0,0.942780612,423.4666667,320.9333333,0.535714286,90.0,3.675,3.538461,13,-0.497815123,7.0577777783333335,0,CMU
118,2,uw1,1,1,0,0.186487603,387.0434783,298.9782609,0.821428571,17.82608696,3.43999985,3.5,10,-1.80457982,6.450724638333333,0,CMU
126,2,uw1,1,1,0,0.252284433,408.48,320.44,0.892857143,90.44,3.8799998,3.961538,13,-0.497815123,6.808000000000001,0,CMU
127,2,uw1,0,1,0,0.184224444,359.2307692,345.7307692,0.928571429,39.23076923,3.621739,3.592307,13,-0.497815123,5.987179486666666,0,CMU
130,2,uw1,1,1,0,0.04155807,511.6071429,264.4642857,1.0,29.67857143,3.916666,3.9,15,0.373361342,8.526785714999999,0,CMU
136,2,uw1,1,1,0,0.049951227,458.0,363.4642857,1.0,27.25,3.7,3.933333,15,0.373361342,7.633333333333334,0,CMU
141,2,uw1,1,1,0,0.142999132,451.84,316.18,0.892857143,51.88,3.333332556,2.533333,15,0.373361342,7.530666666666666,0,CMU
146,2,uw1,1,1,0,0.32452334,392.5185185,359.1296296,0.964285714,39.44444444,3.955172,3.964285,14,-0.06222689,6.541975308333334,0,CMU
153,2,uw1,1,1,0,0.054510364,393.1071429,319.625,1.0,23.21428571,3.579999833,3.966666,12,-0.933403355,6.551785714999999,0,CMU
155,2,uw1,1,1,0,0.098910227,406.7142857,398.9285714,1.0,22.64285714,3.913792862,3.952941,17,1.244537807,6.778571428333334,0,CMU
157,2,uw1,1,1,0,0.172579256,361.8214286,471.25,1.0,29.92857143,3.458620069,3.55,10,-1.80457982,6.030357143333333,0,CMU
158,2,uw1,1,1,0,0.254525778,364.8846154,326.9230769,0.928571429,67.19230769,3.090624375,2.9,18,1.680126039,6.081410256666667,0,CMU
165,2,uw1,1,1,0,0.252345679,436.36,355.94,0.892857143,57.72,3.725806129,3.733333,15,0.373361342,7.272666666666667,0,CMU
166,2,uw1,1,1,0,0.172248895,432.5714286,333.3928571,1.0,27.35714286,3.892856357,3.833333,15,0.373361342,7.209523809999999,0,CMU
167,2,uw1,1,1,0,0.59007233,399.35,425.075,0.714285714,87.1,3.72,3.566666,15,0.373361342,6.655833333333334,0,CMU
170,2,uw1,1,1,0,0.00450503,487.0714286,282.4821429,1.0,42.07142857,3.7999995,3.766666,15,0.373361342,8.117857143333334,0,CMU
175,2,uw1,1,1,0,0.101027282,413.6785714,376.9107143,1.0,12.35714286,3.7499995,3.744444,18,1.680126039,6.894642856666667,0,CMU
179,2,uw1,1,1,0,0.050706066,430.4642857,296.4464286,1.0,34.96428571,4.0,3.966666,15,0.373361342,7.174404761666667,0,CMU
180,2,uw1,0,1,0,0.073322222,447.8846154,315.0961538,0.928571429,36.26923077,2.637930517,3.483333,18,1.680126039,7.464743589999999,0,CMU
188,2,uw1,1,1,0,0.069481405,435.1785714,319.7857143,1.0,30.39285714,3.645454394,3.83125,16,0.808949574,7.25297619,0,CMU
191,2,uw1,0,1,0,0.510052202,388.9642857,384.3214286,1.0,40.92857143,3.299999586,3.4,15,0.373361342,6.482738095,0,CMU
193,2,uw1,1,1,0,0.183817801,374.4444444,381.4259259,0.964285714,43.74074074,3.910714143,3.8,15,0.373361342,6.240740740000001,0,CMU
198,2,uw1,1,1,0,1.333217401,435.4347826,433.9782609,0.821428571,20.86956522,3.1999995,2.9,15,0.373361342,7.257246376666667,0,CMU
199,2,uw1,1,1,0,0.153960695,437.1363636,318.3863636,0.785714286,25.0,3.08,3.633333,15,0.373361342,7.28560606,0,CMU
306,3,uw2,1,1,0,0.041045953,421.6428571,355.7142857,1.0,29.28571429,3.865,3.87,15,0.041207105,7.027380951666667,0,CMU
307,3,uw2,1,1,0,0.029149338,434.1666667,322.625,0.857142857,26.04166667,3.458,3.29,14,-0.479500856,7.236111111666667,0,CMU
312,3,uw2,1,1,0,0.048323356,390.0416667,335.1041667,0.857142857,43.875,3.2928125,3.76,16,0.561915066,6.500694445,0,CMU
323,3,uw2,1,1,0,0.47581443,406.4583333,464.8333333,0.857142857,23.58333333,2.958275862,2.8,13,-1.000208817,6.774305555,0,CMU
324,3,uw2,1,1,0,0.097755969,460.173913,424.7826087,0.821428571,34.82608696,2.625,3.0,15,0.041207105,7.669565216666667,0,CMU
331,3,uw2,1,1,0,0.016025597,414.3913043,385.9782609,0.821428571,43.95652174,3.05,3.25,15,0.041207105,6.906521738333334,0,CMU
335,3,uw2,1,1,0,0.075667962,357.2142857,412.2321429,1.0,31.78571429,2.822222222,2.68,14,-0.479500856,5.953571428333333,0,CMU
338,3,uw2,1,1,0,0.217173333,412.6153846,356.0769231,0.928571429,13.26923077,3.695517241,3.84,16,0.561915066,6.876923076666667,0,CMU
339,3,uw2,1,1,0,0.051998685,485.1481481,330.1481481,0.964285714,28.62962963,3.702,3.79,12,-1.520916778,8.085802468333334,0,CMU
348,3,uw2,1,1,0,0.117205456,456.0,247.0714286,1.0,33.71428571,3.078888889,3.35,13,-1.000208817,7.6,0,CMU
351,3,uw2,1,1,0,0.07112902,432.9285714,415.6964286,1.0,42.25,3.405,3.04,12,-1.520916778,7.21547619,0,CMU
352,3,uw2,0,1,0,0.110837191,402.12,544.1,0.892857143,53.92,3.688928571,3.89,14,-0.479500856,6.702,0,CMU
354,3,uw2,1,1,0,0.125174638,371.2222222,294.1851852,0.964285714,51.2962963,3.823235294,3.95,18,1.603330987,6.187037036666666,0,CMU
355,3,uw2,1,1,0,0.018477747,323.4285714,340.625,1.0,23.46428571,3.57,3.63,16,0.561915066,5.39047619,0,CMU
356,3,uw2,1,1,0,0.037849032,428.25,292.1071429,1.0,33.82142857,3.726206897,3.59,18,1.603330987,7.1375,0,CMU
360,3,uw2,1,1,0,1.173676269,349.3928571,423.4642857,1.0,64.85714286,2.98,3.07,15,0.041207105,5.823214285000001,0,CMU
363,3,uw2,1,1,0,0.180828402,435.6428571,308.6071429,0.5,35.64285714,3.775,3.7,15,0.041207105,7.260714285000001,0,CMU
364,3,uw2,1,1,0,0.259393424,449.3636364,315.5454545,0.785714286,49.81818182,3.500967742,3.47,16,0.561915066,7.48939394,0,CMU
365,3,uw2,1,1,0,0.506566072,387.9285714,456.5,1.0,79.39285714,2.947142857,3.33,17,1.082623027,6.46547619,0,CMU
366,3,uw2,0,1,0,0.083427816,486.6363636,328.3863636,0.785714286,64.90909091,3.0975,3.3,15,0.041207105,8.11060606,0,CMU
369,3,uw2,1,1,0,0.039382807,437.1851852,347.6481481,0.964285714,27.37037037,3.803333333,3.76,18,1.603330987,7.286419753333333,0,CMU
373,3,uw2,1,1,0,0.061013725,409.4814815,308.4444444,0.964285714,36.81481481,3.155454545,3.41,13,-1.000208817,6.824691358333333,0,CMU
378,3,uw2,1,1,0,0.052619576,456.0,307.1296296,0.964285714,39.77777778,3.88,3.78,13,-1.000208817,7.6,0,CMU
380,3,uw2,1,1,0,0.185720889,412.7692308,322.1346154,0.928571429,30.15384615,3.259655172,3.23,15,0.041207105,6.87948718,0,CMU
394,3,uw2,1,1,0,0.071266575,462.4285714,299.8214286,1.0,25.17857143,3.71,3.45,12,-1.520916778,7.707142856666667,0,CMU
399,3,uw2,0,1,0,0.053386752,433.1111111,460.8703704,0.964285714,56.55555556,3.730625,3.95,13,-1.000208817,7.218518518333334,0,CMU
401,3,uw2,1,1,0,0.047301097,436.9285714,413.4464286,1.0,50.25,3.57,3.49,14,-0.479500856,7.282142856666667,0,CMU
405,3,uw2,1,1,0,0.116004039,388.8928571,345.0,1.0,37.82142857,3.240625,3.59,14,-0.479500856,6.481547618333334,0,CMU
407,3,uw2,1,1,0,0.187172309,428.8823529,404.1470588,0.607142857,50.41176471,3.665862069,3.7,15,0.041207105,7.148039215,0,CMU
413,3,uw2,1,1,0,0.77931359,378.9130435,463.6304348,0.821428571,31.04347826,3.32037037,3.13,14,-0.479500856,6.315217391666667,0,CMU
418,3,uw2,1,1,0,0.108658854,396.6470588,407.8529412,0.607142857,35.41176471,3.78,3.8,17,1.082623027,6.610784313333334,0,CMU
422,3,uw2,0,1,0,0.136750096,478.52,429.14,0.892857143,61.24,2.830833333,3.08,18,1.603330987,7.975333333333333,0,CMU
435,3,uw2,1,1,0,0.088317778,417.2307692,457.8076923,0.928571429,42.11538462,3.315,3.53,15,0.041207105,6.953846153333333,0,CMU
439,3,uw2,1,1,0,0.0579984,370.6785714,367.6071429,1.0,16.82142857,3.653703704,3.3,14,-0.479500856,6.17797619,0,CMU
448,3,uw2,1,1,0,0.577190667,417.8846154,514.0,0.928571429,51.03846154,4.0,3.97,14,-0.479500856,6.964743589999999,0,CMU
454,3,uw2,1,1,0,0.157928669,365.0,374.25,1.0,47.35714286,3.25,3.27,15,0.041207105,6.083333333333333,0,CMU
458,3,uw2,1,1,0,0.278307446,451.962963,352.3518519,0.964285714,64.33333333,3.215,2.99,18,1.603330987,7.53271605,0,CMU
465,3,uw2,0,1,0,0.125992,432.9230769,420.3076923,0.928571429,28.23076923,3.390357143,3.37,16,0.561915066,7.2153846150000005,0,CMU
469,3,uw2,1,1,0,0.068602893,388.7407407,360.0,0.964285714,37.11111111,3.958857143,3.94,14,-0.479500856,6.479012345,0,CMU
490,3,uw2,1,1,0,0.111857186,459.6071429,352.6785714,1.0,31.57142857,2.998,3.4,15,0.041207105,7.660119048333333,0,CMU
494,3,uw2,1,1,0,0.103435203,411.5,440.75,0.857142857,35.08333333,3.724117647,3.86,18,1.603330987,6.858333333333333,0,CMU
499,3,uw2,0,1,0,0.126889468,413.52,440.96,0.892857143,38.36,3.946428571,3.93,15,0.041207105,6.8919999999999995,0,CMU
503,3,uw2,1,1,0,0.13315212,402.9259259,305.4814815,0.964285714,38.03703704,3.492258065,2.94,14,-0.479500856,6.715432098333333,0,CMU
506,3,uw2,1,1,0,0.571608728,352.8148148,419.3333333,0.964285714,79.07407407,3.657272727,3.3,13,-1.000208817,5.880246913333334,0,CMU
509,3,uw2,1,1,0,0.148132907,349.5714286,354.875,1.0,100.2857143,3.635,3.83,18,1.603330987,5.826190476666667,0,CMU
510,3,uw2,1,1,0,0.037504409,368.2272727,351.4090909,0.785714286,36.22727273,2.83,2.67,15,0.041207105,6.137121211666667,0,CMU
511,3,uw2,1,1,0,0.204280556,410.5714286,400.5952381,0.75,18.9047619,3.862592593,3.8,15,0.041207105,6.842857143333333,0,CMU
513,3,uw2,1,1,0,0.044613233,449.56,351.44,0.892857143,15.64,3.611,3.09,14,-0.479500856,7.492666666666667,0,CMU
523,3,uw2,1,1,0,0.22167162,392.7857143,285.7321429,1.0,46.32142857,3.385,2.77,14,-0.479500856,6.546428571666667,0,CMU
534,3,uw2,1,1,0,0.069091111,393.4230769,364.1923077,0.928571429,34.46153846,3.052727273,3.0,15,0.041207105,6.557051281666667,0,CMU
541,3,uw2,1,1,0,0.358432023,382.75,504.2857143,1.0,48.35714286,3.154482759,3.28,12,-1.520916778,6.379166666666666,0,CMU
547,3,uw2,1,1,0,0.101952,369.2692308,322.3269231,0.928571429,37.15384615,3.139259259,3.14,14,-0.479500856,6.15448718,0,CMU
557,3,uw2,0,1,0,0.293845743,391.9259259,368.1481481,0.964285714,45.59259259,2.799130435,2.86,16,0.561915066,6.532098765,0,CMU
559,3,uw2,1,1,0,0.09362902,399.1071429,446.2321429,1.0,51.71428571,3.680625,3.17,15,0.041207105,6.651785715,0,CMU
564,3,uw2,0,1,0,0.048606222,407.3846154,415.0192308,0.928571429,49.07692308,3.601034483,3.63,16,0.561915066,6.78974359,0,CMU
567,3,uw2,0,1,0,0.157320484,436.3181818,433.7727273,0.785714286,24.09090909,3.948275862,3.91,18,1.603330987,7.271969696666667,0,CMU
570,3,uw2,1,1,0,0.052149901,403.4814815,427.3888889,0.964285714,35.51851852,3.363703704,3.01,15,0.041207105,6.724691358333333,0,CMU
571,3,uw2,1,1,0,0.128576444,435.3461538,427.1346154,0.928571429,40.42307692,3.625454545,3.49,13,-1.000208817,7.25576923,0,CMU
306,1,lac2,1,0,0,0.62441736,339.9545455,492.4545455,0.75862069,42.5,3.4,3.5,45,-0.842877075,5.665909091666666,0,CMU
308,1,lac2,0,0,0,0.409338018,414.3333333,467.3333333,0.931034483,38.0,2.53,2.4,48,-0.127051324,6.905555555,0,CMU
314,1,lac2,1,0,0,0.174514556,381.2142857,446.8214286,0.965517241,34.67857143,2.79,3.37,49,0.11155726,6.353571428333334,0,CMU
360,1,lac2,1,0,0,1.240037879,350.6956522,349.3695652,0.793103448,32.04347826,3.29,3.39,49,0.11155726,5.844927536666666,0,CMU
361,1,lac2,1,0,0,0.297786596,357.7272727,451.5227273,0.75862069,30.86363636,3.59,3.38,49,0.11155726,5.962121211666667,0,CMU
380,1,lac2,1,0,0,0.085431193,376.5862069,473.4827586,1.0,6.24137931,3.48,3.46,47,-0.365659907,6.276436781666666,0,CMU
383,1,lac2,1,0,0,0.120820206,411.8333333,459.0416667,0.827586207,55.41666667,3.77,3.57,47,-0.365659907,6.863888888333333,0,CMU
386,1,lac2,1,0,0,0.299388109,422.137931,402.1724138,1.0,72.31034483,3.22,3.58,53,1.065991594,7.035632183333333,0,CMU
394,1,lac2,1,0,0,0.106319444,425.3448276,375.1724138,1.0,52.93103448,3.74,3.81,52,0.827383011,7.08908046,0,CMU
396,1,lac2,1,0,0,1.217045139,362.0952381,415.0238095,0.724137931,31.0952381,3.8,3.61,56,1.781817345,6.034920635000001,0,CMU
419,1,lac2,1,0,0,0.099436226,340.0,489.1851852,0.931034483,25.07407407,3.56,3.59,46,-0.604268491,5.666666666666667,0,CMU
432,1,lac2,1,0,0,2.758615451,263.5294118,533.1470588,0.586206897,42.29411765,3.21,3.05,45,-0.842877075,4.392156863333333,0,CMU
453,1,lac2,1,0,0,4.255410998,283.3333333,669.7333333,0.517241379,40.46666667,3.6,2.18,47,-0.365659907,4.722222221666667,0,CMU
479,1,lac2,1,0,0,0.267059518,408.3214286,411.4107143,0.965517241,22.67857143,2.86,3.78,46,-0.604268491,6.8053571433333335,0,CMU
506,1,lac2,1,0,0,0.018758149,411.7241379,335.6896552,1.0,10.82758621,4.0,4.0,60,2.73625168,6.862068965000001,0,CMU
541,1,lac2,1,0,0,0.02902111,393.2857143,401.8392857,0.965517241,36.46428571,4.0,4.0,49,0.11155726,6.554761905,0,CMU
551,1,lac2,1,0,0,0.170305768,431.3448276,445.637931,1.0,35.79310345,4.0,3.42,55,1.543208762,7.18908046,0,CMU
563,1,lac2,1,0,0,0.166596936,427.7857143,401.0714286,0.965517241,67.89285714,4.0,4.0,40,-2.035919993,7.129761905,0,CMU
577,1,lac2,1,0,0,0.110240644,393.72,393.32,0.862068966,52.8,3.78,3.81,46,-0.604268491,6.562,0,CMU
581,1,lac2,1,0,0,0.419997124,397.962963,411.037037,0.931034483,39.22222222,3.56,4.0,45,-0.842877075,6.63271605,0,CMU
586,1,lac2,1,0,0,1.398122428,427.1052632,457.3157895,0.655172414,28.52631579,3.8,4.0,49,0.11155726,7.118421053333334,0,CMU
609,1,lac2,1,0,0,0.04941701,421.4736842,330.5526316,0.655172414,25.68421053,3.77,3.79,47,-0.365659907,7.024561403333333,0,CMU
613,1,lac2,1,0,0,0.183344041,388.4090909,398.9318182,0.75862069,44.18181818,4.0,4.0,54,1.304600178,6.473484848333333,0,CMU
631,1,lac2,1,0,0,0.781137022,428.5,477.8571429,0.965517241,32.60714286,2.36,2.79,47,-0.365659907,7.141666666666667,0,CMU
662,1,lac2,0,0,0,0.489205703,457.3703704,535.4444444,0.931034483,30.92592593,1.7,2.47,43,-1.320094242,7.622839506666667,0,CMU
665,1,lac2,1,0,0,0.103651556,405.3846154,442.7307692,0.896551724,40.07692308,3.52,3.57,51,0.588774427,6.756410256666666,0,CMU
670,1,lac2,1,0,0,0.289564472,413.1071429,407.5178571,0.965517241,44.32142857,3.0,3.53,45,-0.842877075,6.885119048333333,0,CMU
1,2,uw1,1,0,0,0.321182967,445.24,425.78,0.892857143,67.48,3.196295815,3.9,5,-3.982520982,7.4206666666666665,0,CMU
10,2,uw1,1,0,0,0.177411806,361.8095238,289.9047619,0.75,49.28571429,3.9230765,4.0,15,0.373361342,6.03015873,0,CMU
12,2,uw1,1,0,0,0.099630855,370.5,390.2083333,0.857142857,26.125,3.555172069,3.56923,13,-0.497815123,6.175,0,CMU
13,2,uw1,1,0,0,1.118415316,404.8,406.08,0.892857143,103.08,3.592856464,3.533333,15,0.373361342,6.746666666666667,0,CMU
28,2,uw1,1,0,0,0.069268785,439.2142857,326.6964286,1.0,48.60714286,3.744827034,3.838461,13,-0.497815123,7.320238095,0,CMU
38,2,uw1,1,0,0,0.147709295,433.25,417.525,0.714285714,72.05,3.883333,3.9,10,-1.80457982,7.220833333333333,0,CMU
39,2,uw1,1,0,0,0.054357948,371.1071429,493.0714286,1.0,25.78571429,3.466666182,3.608333,12,-0.933403355,6.185119048333333,0,CMU
45,2,uw1,1,0,0,0.127034845,348.962963,330.7962963,0.964285714,53.07407407,3.96,3.766666,15,0.373361342,5.8160493833333335,0,CMU
47,2,uw1,1,0,0,0.126940253,337.3928571,437.75,1.0,84.96428571,3.8666665,3.566666,15,0.373361342,5.623214285,0,CMU
54,2,uw1,1,0,0,1.469314583,399.5238095,573.5714286,0.75,76.38095238,3.082757931,2.477777,18,1.680126039,6.658730158333333,0,CMU
57,2,uw1,1,0,0,0.059450746,438.75,370.5625,0.857142857,42.70833333,3.2,3.038461,13,-0.497815123,7.3125,0,CMU
76,2,uw1,1,0,0,0.044577991,434.3333333,351.6296296,0.964285714,41.7037037,3.686206552,3.335714,14,-0.06222689,7.238888888333333,0,CMU
88,2,uw1,1,0,0,0.786485333,436.3846154,394.0769231,0.928571429,64.19230769,3.54074037,3.233333,15,0.373361342,7.273076923333333,0,CMU
95,2,uw1,1,0,0,0.076273333,496.8461538,300.0192308,0.928571429,19.07692308,3.9041665,3.9,10,-1.80457982,8.28076923,0,CMU
97,2,uw1,0,0,0,0.062107988,389.7407407,355.7407407,0.964285714,25.62962963,3.693102931,3.533333,15,0.373361342,6.495679011666667,0,CMU
99,2,uw1,1,0,0,0.129263556,400.0384615,385.3846154,0.928571429,47.5,3.590624313,3.366666,15,0.373361342,6.667307691666666,0,CMU
120,2,uw1,1,0,0,0.058558147,408.0,400.5714286,1.0,26.71428571,2.611110667,3.464285,14,-0.06222689,6.8,0,CMU
140,2,uw1,1,0,0,0.070595946,441.9285714,373.5357143,1.0,23.07142857,3.803333,3.944444,18,1.680126039,7.36547619,0,CMU
143,2,uw1,1,0,0,0.042815482,449.2,381.0,0.714285714,36.7,3.986842105,3.916666,18,1.680126039,7.486666666666666,0,CMU
145,2,uw1,1,0,0,0.168380889,423.6923077,490.6730769,0.928571429,31.92307692,3.239130435,3.633333,15,0.373361342,7.061538461666667,0,CMU
156,2,uw1,1,0,0,1.552285856,346.7142857,435.2678571,1.0,60.82142857,3.609374969,3.441176,17,1.244537807,5.778571428333334,0,CMU
159,2,uw1,0,0,0,0.467478632,287.8571429,456.4285714,0.5,104.4285714,3.421428286,2.91875,16,0.808949574,4.797619048333333,0,CMU
160,2,uw1,1,0,0,0.086288265,455.6,437.7333333,0.535714286,18.26666667,3.709090818,3.442857,14,-0.06222689,7.593333333333334,0,CMU
178,2,uw1,1,0,0,1.836083984,329.4117647,600.0294118,0.607142857,39.64705882,3.269999433,2.894444,18,1.680126039,5.490196078333333,0,CMU
181,2,uw1,1,0,0,1.432682639,368.6666667,537.6666667,0.75,88.76190476,2.8999996,3.266666,15,0.373361342,6.144444445,0,CMU
183,2,uw1,1,0,0,0.466439556,353.6538462,476.2692308,0.928571429,52.61538462,3.880645161,4.0,15,0.373361342,5.894230769999999,0,CMU
184,2,uw1,1,0,0,0.609090078,388.7857143,367.3571429,1.0,46.0,3.8799996,3.666666,15,0.373361342,6.479761905,0,CMU
197,2,uw1,0,0,0,0.317611961,404.0,430.3666667,0.535714286,63.66666667,2.983333,2.933333,15,0.373361342,6.733333333333333,0,CMU
205,2,uw1,1,0,0,0.072973373,475.2962963,307.2222222,0.964285714,49.88888889,3.7999995,3.766666,15,0.373361342,7.921604938333333,0,CMU
313,3,uw2,1,0,0,0.053141289,383.9642857,323.3035714,1.0,17.39285714,2.92,3.52,15,0.041207105,6.399404761666667,0,CMU
320,3,uw2,1,0,0,0.123543721,420.2962963,393.1296296,0.964285714,26.51851852,3.335,3.63,15,0.041207105,7.004938271666666,0,CMU
347,3,uw2,1,0,0,0.07504763,418.5357143,327.3571429,1.0,35.64285714,3.816896552,3.67,15,0.041207105,6.975595238333333,0,CMU
353,3,uw2,1,0,0,0.111226852,401.88,372.12,0.892857143,43.96,2.827857143,3.0,9,-3.08304066,6.6979999999999995,0,CMU
370,3,uw2,1,0,0,0.131931111,366.3846154,380.6730769,0.928571429,71.07692308,3.315,3.9,16,0.561915066,6.106410256666666,0,CMU
372,3,uw2,1,0,0,0.214004157,466.6363636,275.1363636,0.785714286,59.59090909,3.428333333,3.28,13,-1.000208817,7.777272726666666,0,CMU
374,3,uw2,1,0,0,0.026300869,533.2142857,291.4821429,1.0,10.39285714,3.938,3.8,15,0.041207105,8.886904761666667,0,CMU
376,3,uw2,1,0,0,0.044731367,363.2857143,341.3928571,1.0,70.17857143,3.267272727,3.84,15,0.041207105,6.054761905,0,CMU
385,3,uw2,1,0,0,0.154886999,497.8888889,434.037037,0.964285714,22.33333333,3.33,3.59,14,-0.479500856,8.298148148333333,0,CMU
388,3,uw2,1,0,0,0.036096632,402.3214286,356.2678571,1.0,44.14285714,3.75862069,3.43,15,0.041207105,6.705357143333333,0,CMU
390,3,uw2,1,0,0,3.433156829,433.28,493.0,0.892857143,42.08,2.498235294,3.83,13,-1.000208817,7.221333333333333,0,CMU
391,3,uw2,1,0,0,0.053640286,401.037037,340.7407407,0.964285714,32.55555556,3.788181818,3.91,16,0.561915066,6.6839506166666665,0,CMU
392,3,uw2,1,0,0,0.051933775,359.3928571,395.4464286,1.0,57.32142857,3.720645161,3.77,18,1.603330987,5.989880951666667,0,CMU
403,3,uw2,1,0,0,0.055881778,508.8846154,269.0576923,0.928571429,15.38461538,3.546363636,3.46,17,1.082623027,8.481410256666667,0,CMU
404,3,uw2,1,0,0,0.847938034,336.3703704,434.6666667,0.964285714,110.5925926,2.538947368,1.96,12,-1.520916778,5.60617284,0,CMU
411,3,uw2,0,0,0,0.174149901,336.3928571,380.5535714,1.0,33.17857143,3.03,2.0,16,0.561915066,5.606547618333334,0,CMU
427,3,uw2,1,0,0,0.733563476,194.7826087,330.0869565,0.821428571,292.3043478,2.947272727,1.07,15,0.041207105,3.2463768116666665,0,CMU
432,3,uw2,1,0,0,1.122251808,371.5714286,442.0,0.5,25.42857143,3.2525,3.93,15,0.041207105,6.192857143333333,0,CMU
442,3,uw2,1,0,0,0.023350099,387.4642857,338.2321429,1.0,33.10714286,3.673448276,4.0,15,0.041207105,6.457738095,0,CMU
445,3,uw2,1,0,0,0.053512803,397.25,360.3571429,1.0,68.46428571,3.348181818,3.71,17,1.082623027,6.620833333333334,0,CMU
456,3,uw2,1,0,0,0.03909084,466.9642857,312.4821429,1.0,11.85714286,3.925454545,4.0,16,0.561915066,7.782738095,0,CMU
474,3,uw2,0,0,0,0.753851085,350.8148148,494.2222222,0.964285714,117.037037,3.092333333,2.26,8,-3.603748621,5.846913580000001,0,CMU
489,3,uw2,1,0,0,0.057797091,466.2592593,327.0555556,0.964285714,19.92592593,3.46,3.37,13,-1.000208817,7.770987655,0,CMU
491,3,uw2,0,0,0,0.341533333,337.5,447.96875,0.571428571,21.8125,3.40875,3.11,17,1.082623027,5.625,0,CMU
502,3,uw2,0,0,0,0.130016928,463.1,386.2,0.714285714,37.6,3.3,2.87,15,0.041207105,7.718333333333334,0,CMU
505,3,uw2,1,0,0,0.10698674,461.0714286,296.625,1.0,20.03571429,4.0,4.0,14,-0.479500856,7.68452381,0,CMU
512,3,uw2,1,0,0,0.029265928,436.25,319.475,0.714285714,20.8,3.295882353,3.33,18,1.603330987,7.270833333333333,0,CMU
516,3,uw2,1,0,0,0.059306508,451.0714286,306.2142857,1.0,29.75,3.625714286,3.54,17,1.082623027,7.517857143333333,0,CMU
524,3,uw2,1,0,0,0.150336458,391.8928571,375.8035714,1.0,40.82142857,3.875555556,3.87,14,-0.479500856,6.531547618333334,0,CMU
525,3,uw2,1,0,0,0.633393738,335.2592593,528.3333333,0.964285714,83.40740741,1.587692308,0.35,10,-2.5623327,5.587654321666666,0,CMU
542,3,uw2,0,0,0,0.067167353,426.5,468.1785714,1.0,67.28571429,3.165,3.33,16,0.561915066,7.108333333333333,0,CMU
544,3,uw2,1,0,0,0.090050154,452.56,400.36,0.892857143,93.44,3.223703704,3.5,15,0.041207105,7.542666666666666,0,CMU
546,3,uw2,1,0,0,0.055878667,414.6153846,348.5576923,0.928571429,34.69230769,3.670689655,3.62,15,0.041207105,6.910256410000001,0,CMU
549,3,uw2,0,0,0,0.174796598,403.4444444,337.4074074,0.964285714,63.96296296,3.324347826,3.46,14,-0.479500856,6.724074073333333,0,CMU
550,3,uw2,1,0,0,0.123336382,399.1071429,366.6785714,1.0,47.78571429,3.553214286,3.54,13,-1.000208817,6.651785715,0,CMU
552,3,uw2,1,0,0,0.143658222,429.2307692,405.0961538,0.928571429,45.57692308,3.713928571,3.19,13,-1.000208817,7.153846153333333,0,CMU
561,3,uw2,1,0,0,0.168621333,445.2692308,382.5576923,0.928571429,25.15384615,3.5353125,2.97,15,0.041207105,7.421153846666667,0,CMU
10237,4,nh,1,1,0,0.059588096,427.8571429,309.5535714,0.933333333,56.96428571,3.111,3.333166667, , ,7.130952381666666,0,CMU
11002,4,nh,1,0,0,0.192880527,371.5517241,408.9655172,0.966666667,29.79310345,3.904857143,3.952428571, , ,6.192528735,0,CMU
13486,4,nh,1,0,0,0.086050007,401.9666667,454.45,1.0,76.0,3.277666667,3.611166667, , ,6.699444445,0,CMU
14279,4,nh,1,1,0,0.076413331,427.3333333,337.8666667,1.0,48.3,3.777833333,3.722166667, , ,7.122222221666666,0,CMU
14571,4,nh,0,0,0,0.136600366,440.2142857,383.4285714,0.933333333,30.75,3.333428571,3.3335, , ,7.336904761666667,0,CMU
14737,4,nh,1,0,0,0.222378222,306.0,460.1346154,0.866666667,49.30769231,3.666833333,3.777833333, , ,5.1,0,CMU
15134,4,nh,1,1,0,0.159636811,350.95,362.025,0.666666667,54.35,3.6666,3.5555, , ,5.849166666666666,0,CMU
17308,4,nh,0,1,0,0.062218919,412.5,353.05,1.0,21.63333333,3.761857143,3.714428571, , ,6.875,0,CMU
17932,4,nh,1,0,0,0.127169657,415.36,417.06,0.833333333,36.12,3.833333333,3.833333333, , ,6.922666666666667,0,CMU
19245,4,nh,1,0,0,0.738920422,279.1724138,471.5517241,0.966666667,122.7931034,3.777666667,3.9445, , ,4.652873563333333,0,CMU
19735,4,nh,0,0,0,0.116449333,381.8333333,372.55,1.0,64.93333333,3.5555,3.7334, , ,6.363888888333333,0,CMU
21090,4,nh,1,1,0,0.199272605,425.1034483,396.1724138,0.966666667,11.68965517,3.9445,3.9445, , ,7.085057471666667,0,CMU
21887,4,nh,1,0,0,0.080944586,460.6896552,448.137931,0.966666667,72.24137931,3.611166667,3.9445, , ,7.67816092,0,CMU
21932,4,nh,1,0,0,0.177988506,357.4333333,394.45,1.0,127.9,3.9445,4.0, , ,5.957222221666667,0,CMU
22138,4,nh,1,0,0,0.161572202,427.8,337.1,1.0,34.5,3.666714286,3.91675, , ,7.13,0,CMU
22408,4,nh,1,0,0,0.023949778,383.9230769,402.5576923,0.866666667,18.38461538,3.777833333,3.888833333, , ,6.398717948333333,0,CMU
22688,4,nh,1,0,0,0.119553772,393.4666667,346.2833333,1.0,68.43333333,3.888833333,3.9445, , ,6.5577777783333335,0,CMU
22842,4,nh,1,0,0,0.189318932,405.3,463.2,1.0,97.36666667,3.3334,2.833333333, , ,6.755,0,CMU
23270,4,nh,1,1,0,0.062982214,449.0344828,305.3103448,0.966666667,18.65517241,3.9445,3.904714286, , ,7.4839080466666665,0,CMU
23518,4,nh,1,1,0,0.18617284,372.12,457.86,0.833333333,40.12,3.1336,3.4445, , ,6.202,0,CMU
24883,4,nh,1,0,0,0.111539116,399.6896552,404.8275862,0.966666667,38.65517241,4.0,3.889, , ,6.661494253333333,0,CMU
25197,4,nh,1,0,0,0.119247589,377.9666667,383.8,1.0,13.8,3.9445,3.888833333, , ,6.299444445000001,0,CMU
25548,4,nh,1,0,0,0.055182823,426.0344828,351.137931,0.966666667,35.93103448,3.9445,3.889, , ,7.100574713333333,0,CMU
26272,4,nh,1,1,0,1.020780298,304.0,544.125,0.8,49.20833333,3.904857143,3.476142857, , ,5.066666666666666,0,CMU
26320,4,nh,1,1,0,0.096254459,382.3666667,405.1333333,1.0,50.7,3.4445,3.777833333, , ,6.372777778333333,0,CMU
26858,4,nh,1,1,0,0.023841987,397.7666667,318.2833333,1.0,25.6,3.5,3.666666667, , ,6.629444445,0,CMU
27306,4,nh,1,1,0,0.215915638,374.1052632,394.1052632,0.633333333,44.78947368,3.0666,3.4668, , ,6.23508772,0,CMU
28327,4,nh,1,1,0,0.78823829,332.6666667,465.1666667,0.8,39.83333333,3.833333333,3.666666667, , ,5.544444445,0,CMU
28653,4,nh,1,0,0,0.13544076,413.6206897,341.3793103,0.966666667,54.44827586,3.888833333,3.722333333, , ,6.893678161666667,0,CMU
29257,4,nh,0,0,0,0.086683673,369.9310345,402.6551724,0.966666667,18.55172414,3.619142857,3.809571429, , ,6.165517241666667,0,CMU
29885,4,nh,1,0,0,0.044408305,393.4137931,361.3448276,0.966666667,29.86206897,3.111166667,3.500166667, , ,6.556896551666667,0,CMU
30152,4,nh,1,1,0,0.909390278,324.0952381,482.2619048,0.7,64.38095238,3.389,3.7334, , ,5.401587301666667,0,CMU
31294,4,nh,1,1,0,0.011592745,411.6428571,349.6964286,0.933333333,7.178571429,3.9445,3.888833333, , ,6.860714285,0,CMU
33657,4,nh,0,1,0,0.065944312,353.1666667,352.95,1.0,82.13333333,3.4002,3.0555, , ,5.886111111666667,0,CMU
33740,4,nh,0,1,0,1.903460286,419.5882353,497.2647059,0.566666667,86.47058824,3.428428571,3.5334, , ,6.993137255,0,CMU
33785,4,nh,1,0,0,0.069260204,412.9310345,335.9310345,0.966666667,54.17241379,3.555666667,3.4445, , ,6.882183908333333,0,CMU
34062,4,nh,1,1,0,0.234463735,375.0,340.16,0.833333333,79.08,3.5,3.555666667, , ,6.25,0,CMU
34467,4,nh,1,1,0,0.127212611,410.7777778,281.6666667,0.6,37.77777778,4.0,3.952428571, , ,6.846296296666667,0,CMU
35344,4,nh,0,1,0,0.125761409,404.3793103,340.5862069,0.966666667,33.55172414,4.0,3.833333333, , ,6.739655171666667,0,CMU
35416,4,nh,1,0,0,0.361600889,371.1923077,437.4038462,0.866666667,37.84615385,3.722333333,3.166666667, , ,6.186538461666667,0,CMU
35824,4,nh,1,0,0,0.225481151,395.9310345,424.7758621,0.966666667,92.68965517,3.388833333,3.5, , ,6.598850575,0,CMU
36038,4,nh,0,0,0,0.116589778,368.9615385,321.9807692,0.866666667,48.96153846,3.4445,3.666714286, , ,6.149358975,0,CMU
36117,4,nh,1,0,0,0.052315405,413.6551724,331.6206897,0.966666667,29.44827586,3.571428571,3.777833333, , ,6.8942528733333335,0,CMU
36501,4,nh,1,0,0,0.049042728,438.88,376.34,0.833333333,22.92,3.555666667,3.611333333, , ,7.314666666666667,0,CMU
36552,4,nh,1,1,0,0.076128617,389.3666667,350.15,1.0,32.3,3.714428571,3.666666667, , ,6.489444445,0,CMU
36574,4,nh,1,0,0,0.079584121,483.3333333,400.3958333,0.8,26.29166667,3.714285714,3.8668, , ,8.055555555,0,CMU
36875,4,nh,1,1,0,0.627589267,407.1666667,372.8541667,0.8,26.625,3.4445,3.722333333, , ,6.786111111666667,0,CMU
37404,4,nh,1,1,0,0.093713782,383.6818182,354.6590909,0.733333333,25.27272727,3.833333333,3.833333333, , ,6.39469697,0,CMU
38293,4,nh,1,1,0,0.137694161,341.5172414,394.4310345,0.966666667,22.5862069,3.5555,2.9445, , ,5.6919540233333334,0,CMU
38610,4,nh,1,1,0,0.178379905,379.2666667,374.95,1.0,28.23333333,3.888833333,3.666666667, , ,6.321111111666666,0,CMU
38815,4,nh,1,0,0,0.178348948,333.0740741,373.0740741,0.9,75.44444444,3.778,3.611166667, , ,5.551234568333333,0,CMU
39146,4,nh,1,1,0,0.022459991,422.5,339.375,0.933333333,6.464285714,3.761857143,3.714428571, , ,7.041666666666667,0,CMU
42137,4,nh,1,1,0,0.033565386,359.5,338.1964286,0.933333333,40.25,3.555666667,3.666714286, , ,5.991666666666666,0,CMU
43794,4,nh,1,1,0,0.919180638,352.6296296,380.5185185,0.9,34.44444444,3.889,3.889, , ,5.877160493333333,0,CMU
44873,4,nh,0,0,0,0.140703656,364.2758621,381.4482759,0.966666667,25.24137931,3.333333333,3.778, , ,6.071264368333333,0,CMU
44927,4,nh,0,1,0,0.083305258,384.0,374.2,1.0,16.13333333,3.809714286,3.809571429, , ,6.4,0,CMU
45963,4,nh,0,1,0,0.567852444,377.0384615,368.8269231,0.866666667,27.23076923,3.666714286,3.952428571, , ,6.283974358333333,0,CMU
46365,4,nh,1,0,0,0.057471647,398.4074074,371.7777778,0.9,47.2962963,4.0,4.0, , ,6.640123456666667,0,CMU
46418,4,nh,1,0,0,0.143034979,375.7368421,376.5,0.633333333,33.52631579,3.666571429,3.875, , ,6.262280701666667,0,CMU
47024,4,nh,1,1,0,0.502055556,390.5238095,428.8333333,0.7,48.66666667,3.889,3.666666667, , ,6.508730158333334,0,CMU
47142,4,nh,1,1,0,0.122579637,407.6785714,335.9107143,0.933333333,55.82142857,3.761857143,3.833333333, , ,6.794642856666667,0,CMU
47810,4,nh,1,1,0,0.046494905,437.3333333,367.3518519,0.9,47.37037037,3.619142857,3.611166667, , ,7.288888888333333,0,CMU
48154,4,nh,1,1,0,0.039539776,462.3333333,344.0,0.9,20.25925926,3.571571429,3.619142857, , ,7.705555555,0,CMU
49086,4,nh,1,1,0,0.092447483,464.7333333,422.7,1.0,35.4,3.777833333,3.889, , ,7.745555555,0,CMU
49497,4,nh,1,1,0,0.084742772,348.4827586,346.6724138,0.966666667,47.06896552,3.722166667,3.777833333, , ,5.8080459766666666,0,CMU
49539,4,nh,1,0,0,0.158355913,390.75,406.6041667,0.8,31.625,3.1665,3.611, , ,6.5125,0,CMU
49790,4,nh,0,1,0,0.080028699,351.3448276,403.2068966,0.966666667,120.862069,3.611333333,3.5, , ,5.8557471266666665,0,CMU
50766,4,nh,1,0,0,0.129004444,415.0769231,390.2115385,0.866666667,48.92307692,3.833333333,4.0, , ,6.917948718333333,0,CMU
51437,4,nh,1,1,0,0.296798611,340.8095238,446.0952381,0.7,26.28571429,3.714428571,3.762, , ,5.6801587300000005,0,CMU
52302,4,nh,0,0,0,0.087727903,430.0333333,469.8833333,1.0,44.76666667,3.7334,3.611333333, , ,7.167222221666666,0,CMU
57359,4,nh,0,1,0,0.039417517,446.7241379,320.3965517,0.966666667,77.34482759,3.857142857,4.0, , ,7.445402298333334,0,CMU
57443,4,nh,0,1,0,0.271912437,401.8571429,367.3035714,0.933333333,12.85714286,3.277833333,3.611166667, , ,6.697619048333333,0,CMU
59097,4,nh,0,0,0,0.040231867,445.4333333,410.55,1.0,66.6,3.722166667,3.7334, , ,7.423888888333334,0,CMU
59207,4,nh,1,0,0,0.166343926,481.3571429,386.9107143,0.933333333,23.57142857,3.389,3.555666667, , ,8.022619048333333,0,CMU
62246,4,nh,1,0,0,0.084193751,437.2,327.4,1.0,50.5,3.777833333,3.8335, , ,7.286666666666666,0,CMU
62617,4,nh,1,1,0,0.050311138,465.0,333.2,1.0,34.03333333,3.777833333,3.722166667, , ,7.75,0,CMU
63138,4,nh,1,1,0,0.075285927,441.5862069,372.6551724,0.966666667,42.37931034,3.9445,3.91675, , ,7.359770115,0,CMU
63347,4,nh,1,0,0,0.09272038,408.3793103,443.7931034,0.966666667,54.03448276,3.952428571,3.904857143, , ,6.806321838333333,0,CMU
63419,4,nh,0,1,0,1.129071746,330.5185185,491.2777778,0.9,41.77777778,3.291625,3.333285714, , ,5.508641975000001,0,CMU
63904,4,nh,1,1,0,0.067165066,336.9285714,323.0714286,0.933333333,16.25,3.611333333,3.857142857, , ,5.61547619,0,CMU
64232,4,nh,1,1,0,0.268498441,404.3103448,401.4310345,0.966666667,110.5172414,3.277833333,3.5555, , ,6.738505746666666,0,CMU
64296,4,nh,1,0,0,0.06068338,347.9,322.4833333,1.0,34.1,3.5,3.444333333, , ,5.798333333333333,0,CMU
65656,4,nh,1,0,0,0.169742417,311.6071429,376.4464286,0.933333333,27.39285714,3.523857143,3.238142857, , ,5.193452381666666,0,CMU
66815,4,nh,1,0,0,0.051815476,408.1724138,371.6551724,0.966666667,20.17241379,3.9445,3.833333333, , ,6.802873563333334,0,CMU
67106,4,nh,0,0,0,0.072070947,398.1,317.0,1.0,49.13333333,3.888833333,4.0, , ,6.635000000000001,0,CMU
67574,4,nh,1,0,0,0.103555384,358.9473684,369.1315789,0.633333333,32.10526316,3.666666667,3.4445, , ,5.98245614,0,CMU
67709,4,nh,0,0,0,1.160884268,405.2083333,504.5,0.8,33.95833333,3.5334,3.625, , ,6.753472221666667,0,CMU
67918,4,nh,1,0,0,0.050404611,465.7,391.2666667,1.0,15.7,3.889,3.888833333, , ,7.761666666666667,0,CMU
67993,4,nh, ,1,0,2.019750617,373.5625,426.21875,0.533333333,40.875,3.666666667,3.666666667, , ,6.226041666666666,0,CMU
69057,4,nh,1,0,0,0.250109988,316.7666667,386.3833333,1.0,91.26666667,3.222166667,3.000166667, , ,5.279444444999999,0,CMU
70492,4,nh,1,0,0,0.104328156,299.0740741,435.5185185,0.9,51.66666667,3.4445,3.555666667, , ,4.984567901666667,0,CMU
71985,4,nh,1,0,0,0.192394806,376.9259259,364.6851852,0.9,33.37037037,3.666666667,3.555666667, , ,6.282098765,0,CMU
72348,4,nh,1,1,0,0.010197516,485.4333333,275.05,1.0,29.7,3.888833333,3.666666667, , ,8.090555555,0,CMU
72806,4,nh,1,1,0,0.044613233,467.68,343.42,0.833333333,20.52,3.778,3.9445, , ,7.794666666666667,0,CMU
73158,4,nh,0,0,0,0.034397873,415.0333333,287.1166667,1.0,38.0,3.952428571,3.904857143, , ,6.917222221666666,0,CMU
74899,4,nh,1,0,0,0.096090495,334.5294118,365.8823529,0.566666667,19.52941176,3.571428571,3.500166667, , ,5.575490196666666,0,CMU
75149,4,nh,1,1,0,1.103457639,300.8095238,518.7619048,0.7,133.2380952,3.111166667,3.1665, , ,5.0134920633333335,0,CMU
77036,4,nh,1,1,0,0.023043004,474.8,326.0666667,1.0,13.6,3.3335,3.2, , ,7.913333333333333,0,CMU
77711,4,nh,1,0,0,0.061162967,427.3666667,398.3833333,1.0,24.2,3.9445,3.888833333, , ,7.122777778333333,0,CMU
79167,4,nh,1,1,0,0.318043155,390.9310345,352.7586207,0.966666667,63.34482759,3.5,3.857285714, , ,6.515517241666667,0,CMU
79352,4,nh,1,1,0,0.174304222,306.3214286,432.6785714,0.933333333,19.57142857,3.722333333,3.555666667, , ,5.105357143333333,0,CMU
79607,4,nh,1,0,0,0.645166009,340.1111111,404.0555556,0.9,35.62962963,3.833375,3.904714286, , ,5.668518518333333,0,CMU
80177,4,nh,1,0,0,0.16225625,357.8571429,355.0952381,0.7,21.42857143,3.777833333,3.889, , ,5.964285715,0,CMU
81807,4,nh,1,0,0,0.099074514,366.7,408.25,1.0,20.1,3.833333333,3.666833333, , ,6.111666666666666,0,CMU
82986,4,nh,0,1,0,0.15030506,272.5862069,390.1034483,0.966666667,12.62068966,3.5334,3.166666667, , ,4.543103448333333,0,CMU
83005,4,nh,0,1,0,0.080697252,423.7333333,324.3833333,1.0,31.9,3.8335,3.9445, , ,7.0622222216666675,0,CMU
83536,4,nh,0,1,0,0.046723147,452.7,368.9833333,1.0,16.16666667,3.833333333,3.555666667, , ,7.545,0,CMU
83566,4,nh,1,1,0,0.039238341,454.6666667,408.4833333,1.0,14.5,3.555666667,3.5555, , ,7.577777778333333,0,CMU
83612,4,nh,1,1,0,0.410751449,382.6818182,359.0,0.733333333,15.59090909,3.761857143,3.9445, , ,6.378030303333333,0,CMU
84011,4,nh,1,1,0,0.10250496,375.0689655,342.637931,0.966666667,58.55172414,3.857142857,4.0, , ,6.2511494249999995,0,CMU
85503,4,nh,1,0,0,0.197835556,349.3076923,393.0576923,0.866666667,43.38461538,3.611166667,3.222333333, , ,5.8217948716666665,0,CMU
86440,4,nh,1,0,0,0.092378472,368.04,384.64,0.833333333,20.36,3.777833333,3.8002, , ,6.134,0,CMU
88185,4,nh,1,1,0,0.069454684,420.9333333,377.4666667,1.0,15.23333333,3.722333333,3.9445, , ,7.015555555000001,0,CMU
88882,4,nh,1,0,0,0.031592616,332.2758621,377.1034483,0.966666667,40.27586207,3.9445,3.9445, , ,5.537931035,0,CMU
89607,4,nh,1,0,0,0.486268491,325.4444444,477.8148148,0.9,34.74074074,3.277666667,2.722166667, , ,5.424074073333333,0,CMU
89652,4,nh,1,1,0,0.887273341,419.4,393.66,0.833333333,35.0,3.762,3.952428571, , ,6.989999999999999,0,CMU
91551,4,nh,1,0,0,0.160613093,260.5714286,390.6964286,0.933333333,177.5357143,3.857285714,3.9445, , ,4.342857143333333,0,CMU
92038,4,nh,1,0,0,0.233298611,420.2758621,425.7241379,0.966666667,58.03448276,3.777833333,4.0, , ,7.0045977016666665,0,CMU
92412,4,nh,1,0,0,0.044740058,443.7,338.55,1.0,54.86666667,4.0,4.0, , ,7.395,0,CMU
92515,4,nh,1,0,0,0.122353395,398.7894737,437.4210526,0.633333333,62.68421053,4.0,4.0, , ,6.646491228333333,0,CMU
92552,4,nh,0,0,0,0.488820139,342.3809524,544.7380952,0.7,99.80952381,3.500166667,3.1334, , ,5.706349206666667,0,CMU
93002,4,nh,1,1,0,0.119115111,391.0769231,343.75,0.866666667,29.03846154,3.380857143,3.714428571, , ,6.517948718333333,0,CMU
93485,4,nh,1,0,0,0.061560312,419.2666667,328.4333333,1.0,19.76666667,3.888833333,3.666666667, , ,6.987777778333333,0,CMU
93699,4,nh,1,1,0,0.032278616,334.6428571,332.2321429,0.933333333,43.71428571,3.4445,3.555666667, , ,5.577380951666667,0,CMU
94641,4,nh,1,0,0,0.264808673,359.7931034,327.3793103,0.966666667,120.3793103,3.8002,3.666666667, , ,5.996551723333334,0,CMU
95543,4,nh,0,0,0,0.063219382,363.2,438.3666667,1.0,17.6,3.8335,3.9445, , ,6.053333333333333,0,CMU
95559,4,nh,1,0,0,0.103360417,351.5,394.5333333,1.0,65.46666667,3.111166667,3.166833333, , ,5.858333333333333,0,CMU
96613,4,nh,1,0,0,0.01571102,468.6428571,410.4642857,0.933333333,48.96428571,3.666666667,3.666833333, , ,7.810714285,0,CMU
97448,4,nh,0,0,0,0.105293367,367.7931034,398.862069,0.966666667,84.13793103,3.889,3.611166667, , ,6.129885056666667,0,CMU
97990,4,nh,1,1,0,2.316655556,318.125,580.78125,0.533333333,49.5,3.611166667,3.4445, , ,5.302083333333333,0,CMU
98462,4,nh,1,0,0,0.238077257,360.76,389.42,0.833333333,65.36,3.389,3.388833333, , ,6.012666666666666,0,CMU
98700,4,nh,1,1,0,0.127926587,427.5517241,314.5,0.966666667,34.51724138,3.8335,3.722166667, , ,7.125862068333333,0,CMU
99733,4,nh,1,1,0,0.285439267,324.3333333,344.8148148,0.9,41.62962963,3.3335,3.222166667, , ,5.405555555,0,CMU
99978,4,nh,0,0,0,0.091325113,383.4482759,407.9310345,0.966666667,44.34482759,3.722166667,3.611333333, , ,6.390804598333333,0,CMU
61,2,uw1,0,1, ,0.045368656,477.8947368,331.3157895,0.678571429,23.63157895,3.868181773,3.65,10,-1.80457982,7.964912279999999,0,CMU
172,2,uw1,1,1, ,0.075429333,407.1538462,387.2692308,0.928571429,12.38461538,3.727272273,3.6,15,0.373361342,6.785897436666667,0,CMU
110,2,uw1,1,0, ,0.20028933,397.125,487.5833333,0.857142857,99.54166667,3.33749975,3.538461,13,-0.497815123,6.61875,0,CMU
84390,4,nh,1,1, ,0.132108271,327.6666667,476.8333333,1.0,42.0,3.277833333,3.222166667, , ,5.461111111666667,0,CMU
