student_id,dataset_source,sleep_hours,academic_score,gender,age,study_hours_per_day,attendance_percentage,productivity_score,distraction_hours,mental_health_rating,sleep_category
KGL_S1000,Kaggle,8.0,56.2,Female,23,0.0,85.0,6385.416666666667,2.3,8,Adequate
KGL_S1001,Kaggle,4.6,100.0,Female,20,6.9,97.3,7838.75,5.1,8,Poor
KGL_S1002,Kaggle,8.0,34.3,Male,21,1.4,94.8,4953.333333333333,4.4,1,Adequate
KGL_S1003,Kaggle,9.2,26.8,Female,23,1.0,71.0,4222.916666666666,4.9,1,Optimal
KGL_S1004,Kaggle,4.9,66.4,Female,19,5.0,90.9,5553.749999999999,4.9,1,Poor
KGL_S1005,Kaggle,7.4,100.0,Male,24,7.2,82.9,6937.083333333334,1.3,4,Adequate
KGL_S1006,Kaggle,6.5,89.8,Female,21,5.6,85.8,6509.583333333333,2.9,4,Insufficient
KGL_S1007,Kaggle,4.6,72.6,Female,21,4.3,77.7,7025.833333333332,3.0,8,Poor
KGL_S1008,Kaggle,7.1,78.9,Female,23,4.4,100.0,5760.416666666667,3.9000000000000004,1,Adequate
KGL_S1009,Kaggle,7.5,100.0,Female,18,4.8,95.4,7926.666666666667,4.4,10,Adequate
KGL_S1010,Kaggle,5.8,63.3,Female,19,4.6,77.6,5679.583333333333,4.5,3,Poor
KGL_S1011,Kaggle,7.9,74.4,Male,23,3.9,71.7,4844.583333333333,4.9,1,Adequate
KGL_S1012,Kaggle,4.5,76.9,Female,19,3.7,81.1,7287.916666666666,2.5,9,Poor
KGL_S1013,Kaggle,4.7,75.8,Female,19,3.4,89.3,7378.333333333333,5.4,10,Poor
KGL_S1014,Kaggle,6.7,78.9,Male,24,2.4,87.4,7205.833333333334,2.2,9,Insufficient
KGL_S1015,Kaggle,6.5,74.0,Male,21,3.1,97.5,6708.333333333334,6.0,7,Insufficient
KGL_S1016,Kaggle,5.6,55.2,Male,20,1.0,92.9,6947.499999999999,0.8,8,Poor
KGL_S1017,Kaggle,7.5,70.8,Female,24,3.4,94.7,5419.583333333333,3.9000000000000004,1,Adequate
KGL_S1018,Kaggle,7.1,43.9,Other,24,2.0,88.3,5561.666666666667,7.800000000000001,5,Adequate
KGL_S1019,Kaggle,7.5,45.3,Male,19,1.8,71.1,4642.083333333333,4.9,2,Adequate
KGL_S1020,Kaggle,6.4,58.5,Female,22,3.8,83.0,5075.0,5.199999999999999,1,Insufficient
KGL_S1021,Kaggle,7.2,82.5,Male,21,5.6,95.6,6337.916666666666,4.5,3,Adequate
KGL_S1022,Kaggle,6.0,98.7,Other,18,4.9,84.5,7081.25,2.9,7,Poor
KGL_S1023,Kaggle,9.0,43.7,Female,24,1.1,90.0,4656.25,5.5,1,Optimal
KGL_S1024,Kaggle,5.5,54.9,Female,20,2.0,81.8,5367.916666666667,0.9,2,Poor
KGL_S1025,Kaggle,9.0,69.9,Male,22,4.9,74.7,5096.666666666667,7.6,2,Optimal
KGL_S1026,Kaggle,6.5,73.5,Male,22,2.0,83.8,5876.25,1.3,4,Insufficient
KGL_S1027,Kaggle,4.8,71.1,Male,18,3.2,88.1,5598.333333333333,5.0,3,Poor
KGL_S1028,Kaggle,8.1,82.8,Male,24,4.3,78.4,5605.833333333334,4.8,3,Optimal
KGL_S1029,Kaggle,6.7,75.7,Female,20,2.0,82.6,6752.499999999999,7.0,10,Insufficient
KGL_S1030,Kaggle,7.5,70.6,Female,21,3.7,75.6,6212.916666666667,1.9,5,Adequate
KGL_S1031,Kaggle,8.0,51.3,Other,17,1.5,96.2,5373.75,5.7,3,Adequate
KGL_S1032,Kaggle,6.9,52.1,Other,20,2.6,82.1,5885.833333333333,9.2,7,Insufficient
KGL_S1033,Kaggle,5.8,70.7,Female,18,4.0,99.5,6862.5,2.0,5,Poor
KGL_S1034,Kaggle,7.7,51.2,Female,22,1.1,100.0,5937.5,2.8000000000000003,4,Adequate
KGL_S1035,Kaggle,6.5,72.6,Female,21,4.2,84.2,6052.916666666667,1.7,3,Insufficient
KGL_S1036,Kaggle,7.3,70.7,Female,20,3.5,74.9,5518.333333333334,5.6,4,Adequate
KGL_S1037,Kaggle,3.9,59.4,Male,17,4.3,64.1,5237.916666666667,2.5,2,Poor
KGL_S1038,Kaggle,7.0,58.1,Male,17,3.8,70.3,4976.25,3.0999999999999996,1,Insufficient
KGL_S1039,Kaggle,5.7,82.3,Male,19,5.5,71.3,5615.833333333333,5.4,3,Poor
KGL_S1040,Kaggle,8.5,69.7,Female,19,3.7,98.8,5542.916666666666,6.7,2,Optimal
KGL_S1041,Kaggle,7.2,66.0,Female,23,2.9,86.2,5030.0,4.6,1,Adequate
KGL_S1042,Kaggle,6.8,63.5,Male,18,3.7,88.9,5180.833333333334,5.4,1,Insufficient
KGL_S1043,Kaggle,7.1,65.7,Female,24,4.3,62.8,5038.75,4.1000000000000005,2,Adequate
KGL_S1044,Kaggle,5.3,78.5,Female,20,3.6,73.0,7095.833333333333,2.2,9,Poor
KGL_S1045,Kaggle,8.4,75.1,Male,20,3.6,93.9,6409.999999999999,4.2,5,Optimal
KGL_S1046,Kaggle,8.9,71.0,Male,24,2.4,87.9,6895.416666666667,5.3,9,Optimal
KGL_S1047,Kaggle,7.0,59.7,Female,23,2.5,83.5,6525.0,5.6,8,Insufficient
KGL_S1048,Kaggle,8.4,52.6,Female,22,1.4,90.6,6046.25,4.9,6,Optimal
KGL_S1049,Kaggle,5.8,96.5,Female,22,6.1,100.0,6020.833333333333,4.8,1,Poor
KGL_S1050,Kaggle,5.5,62.0,Female,23,1.6,82.8,6976.25,4.1,10,Poor
KGL_S1051,Kaggle,6.5,59.7,Female,22,2.5,85.7,6027.916666666667,3.7,5,Insufficient
KGL_S1052,Kaggle,7.0,48.4,Female,19,2.4,86.9,4672.5,7.2,1,Insufficient
KGL_S1053,Kaggle,6.0,70.6,Female,20,4.8,100.0,7177.083333333334,5.5,7,Poor
KGL_S1054,Kaggle,7.1,68.1,Female,23,3.1,64.0,6777.083333333334,4.5,10,Adequate
KGL_S1055,Kaggle,6.9,87.2,Male,20,5.4,91.8,7232.5,6.6,8,Insufficient
KGL_S1056,Kaggle,5.3,66.7,Male,24,2.5,83.9,6909.999999999999,2.0,8,Poor
KGL_S1057,Kaggle,7.1,75.2,Male,17,3.9,90.7,6955.0,3.5999999999999996,7,Adequate
KGL_S1058,Kaggle,7.5,46.4,Female,19,2.2,78.4,4793.333333333334,6.0,2,Adequate
KGL_S1059,Kaggle,6.7,97.1,Female,21,6.7,84.5,6758.333333333334,4.800000000000001,5,Insufficient
KGL_S1060,Kaggle,7.9,61.2,Female,19,1.7,92.1,5875.416666666666,2.7,4,Adequate
KGL_S1061,Kaggle,5.0,75.0,Male,23,4.0,100.0,6635.416666666666,4.3,5,Poor
KGL_S1062,Kaggle,7.1,94.7,Male,21,4.5,93.1,7567.083333333333,6.699999999999999,10,Adequate
KGL_S1063,Kaggle,5.1,77.6,Male,17,4.1,76.5,7006.25,4.9,9,Poor
KGL_S1064,Kaggle,5.2,68.6,Male,23,3.2,80.8,5790.833333333333,3.8,4,Poor
KGL_S1065,Kaggle,5.7,69.6,Female,18,3.3,80.5,6700.0,4.8,8,Poor
KGL_S1066,Kaggle,5.4,66.5,Male,20,3.6,67.0,6393.75,5.1000000000000005,8,Poor
KGL_S1067,Kaggle,5.8,62.2,Male,17,3.3,81.7,5209.166666666667,5.0,2,Poor
KGL_S1068,Kaggle,6.2,82.1,Female,20,4.9,92.3,7015.833333333333,3.0,6,Insufficient
KGL_S1069,Kaggle,7.5,100.0,Male,22,6.8,72.3,6401.25,5.5,5,Adequate
KGL_S1070,Kaggle,6.1,59.7,Female,18,2.7,95.5,5637.5,3.0,2,Insufficient
KGL_S1071,Kaggle,4.6,55.1,Female,18,1.4,89.9,7185.000000000001,3.4,10,Poor
KGL_S1072,Kaggle,7.9,77.1,Male,17,3.4,77.7,6077.916666666667,0.7,4,Adequate
KGL_S1073,Kaggle,5.5,97.7,Female,18,7.4,83.6,7100.416666666666,7.5,7,Poor
KGL_S1074,Kaggle,6.4,66.9,Female,21,2.3,100.0,5583.333333333333,1.4,1,Insufficient
KGL_S1075,Kaggle,7.0,99.9,Female,18,6.0,92.3,7745.0,5.4,9,Insufficient
KGL_S1076,Kaggle,6.7,100.0,Male,20,6.0,85.1,7815.000000000001,5.4,10,Insufficient
KGL_S1077,Kaggle,7.8,57.2,Female,20,2.7,82.6,5190.0,1.7999999999999998,1,Adequate
KGL_S1078,Kaggle,7.1,77.3,Female,23,4.4,85.8,6395.0,4.0,5,Adequate
KGL_S1079,Kaggle,5.5,91.6,Male,20,5.9,79.9,6841.249999999999,6.1,7,Poor
KGL_S1080,Kaggle,9.1,70.7,Male,23,2.9,64.0,6245.833333333334,4.4,8,Optimal
KGL_S1081,Kaggle,6.7,57.6,Other,20,3.2,100.0,5312.5,8.2,2,Insufficient
KGL_S1082,Kaggle,6.3,60.2,Female,21,2.6,86.6,5696.25,4.9,4,Insufficient
KGL_S1083,Kaggle,7.7,50.5,Male,24,2.0,89.0,5266.666666666666,3.6,2,Adequate
KGL_S1084,Kaggle,6.8,51.3,Female,23,2.5,84.4,5505.833333333334,6.0,4,Insufficient
KGL_S1085,Kaggle,7.0,53.5,Male,19,1.7,77.6,5752.5,5.2,6,Insufficient
KGL_S1086,Kaggle,9.5,79.2,Male,22,3.6,83.1,6442.083333333333,3.6999999999999997,6,Optimal
KGL_S1087,Kaggle,6.2,47.2,Male,17,2.3,69.0,5006.25,1.9,2,Insufficient
KGL_S1088,Kaggle,6.1,73.4,Male,20,3.9,100.0,6354.166666666667,4.4,4,Insufficient
KGL_S1089,Kaggle,6.6,41.1,Male,18,1.2,72.7,5192.5,3.6,4,Insufficient
KGL_S1090,Kaggle,7.8,77.8,Male,24,4.0,74.7,4950.833333333333,4.8,1,Adequate
KGL_S1091,Kaggle,4.7,63.4,Female,20,4.8,80.6,5348.333333333333,6.4,2,Poor
KGL_S1092,Kaggle,4.1,43.9,Male,18,0.5,97.9,5457.916666666667,3.3,3,Poor
KGL_S1093,Kaggle,5.8,70.2,Male,22,4.1,85.1,6158.75,5.5,5,Poor
KGL_S1094,Kaggle,4.5,81.3,Female,22,5.3,72.6,7085.833333333333,3.2,8,Poor
KGL_S1095,Kaggle,6.0,50.2,Male,22,1.7,97.5,6281.25,4.9,6,Poor
KGL_S1096,Kaggle,7.1,87.9,Female,18,6.0,92.3,6349.166666666668,4.4,3,Adequate
KGL_S1097,Kaggle,5.4,80.9,Male,20,4.1,90.4,6801.666666666667,3.0,6,Poor
KGL_S1098,Kaggle,4.8,63.9,Male,22,2.4,92.2,6732.083333333332,3.1,7,Poor
KGL_S1099,Kaggle,6.6,65.6,Male,21,3.4,100.0,6572.916666666667,6.1,6,Insufficient
KGL_S1100,Kaggle,7.5,93.2,Male,23,4.3,100.0,7927.083333333334,4.5,10,Adequate
KGL_S1101,Kaggle,4.5,74.0,Male,18,3.6,78.1,6192.083333333333,4.9,6,Poor
KGL_S1102,Kaggle,7.5,60.8,Male,18,4.3,100.0,5645.833333333334,4.8,1,Adequate
KGL_S1103,Kaggle,7.5,50.4,Male,20,2.1,88.8,5459.583333333333,4.3,3,Adequate
KGL_S1104,Kaggle,7.6,74.3,Male,18,3.8,90.0,6687.5,5.8,7,Adequate
KGL_S1105,Kaggle,8.0,32.8,Male,18,1.4,68.1,4681.666666666666,7.8,4,Adequate
KGL_S1106,Kaggle,9.1,82.3,Male,22,3.3,83.3,6145.0,1.2000000000000002,4,Optimal
KGL_S1107,Kaggle,6.1,60.4,Male,20,2.1,76.9,6162.083333333334,4.3,7,Insufficient
KGL_S1108,Kaggle,6.6,60.0,Female,22,2.4,93.3,7165.833333333333,4.0,9,Insufficient
KGL_S1109,Kaggle,6.0,77.5,Female,23,5.4,95.7,6007.083333333332,4.9,2,Poor
KGL_S1110,Kaggle,6.5,86.5,Male,24,5.1,64.3,6951.25,4.5,9,Insufficient
KGL_S1111,Kaggle,8.3,76.9,Female,23,4.4,84.8,6005.416666666667,2.7,3,Optimal
KGL_S1112,Kaggle,4.9,43.9,Female,24,1.9,96.2,6332.083333333333,4.5,6,Poor
KGL_S1113,Kaggle,5.5,51.3,Male,22,3.0,83.1,5671.25,5.1,4,Poor
KGL_S1114,Kaggle,8.2,83.3,Female,23,5.3,92.3,5953.333333333333,2.0,1,Optimal
KGL_S1115,Kaggle,7.7,82.7,Female,20,3.7,88.5,7264.583333333334,4.5,9,Adequate
KGL_S1116,Kaggle,6.1,94.8,Male,17,7.0,88.4,7001.666666666668,6.4,6,Insufficient
KGL_S1117,Kaggle,7.5,80.8,Male,22,4.1,82.3,7099.166666666668,3.0,8,Adequate
KGL_S1118,Kaggle,6.9,58.3,Female,24,3.8,72.8,5070.0,5.199999999999999,2,Insufficient
KGL_S1119,Kaggle,8.3,66.3,Female,21,3.0,73.8,6147.083333333333,5.5,7,Optimal
KGL_S1120,Kaggle,6.6,87.9,Male,24,3.7,92.1,6937.916666666666,1.3,6,Insufficient
KGL_S1121,Kaggle,7.7,60.5,Male,21,3.3,85.2,5452.916666666667,3.5,2,Adequate
KGL_S1122,Kaggle,9.7,84.8,Male,18,4.6,83.6,5642.083333333333,3.9,2,Optimal
KGL_S1123,Kaggle,7.2,77.0,Female,23,4.9,80.8,6113.75,4.1,4,Adequate
KGL_S1124,Kaggle,6.6,61.7,Female,21,2.3,81.9,5818.333333333333,2.0,4,Insufficient
KGL_S1125,Kaggle,7.4,44.0,Male,24,1.5,95.5,5262.5,6.6,3,Adequate
KGL_S1126,Kaggle,6.1,42.4,Male,18,0.7,81.6,6185.833333333333,4.8,8,Insufficient
KGL_S1127,Kaggle,9.4,88.0,Female,17,4.3,71.6,6540.000000000001,3.8000000000000003,7,Optimal
KGL_S1128,Kaggle,6.7,48.7,Male,20,1.8,92.4,5382.916666666667,2.9000000000000004,2,Insufficient
KGL_S1129,Kaggle,6.2,26.8,Male,20,0.3,83.0,4793.75,5.7,3,Insufficient
KGL_S1130,Kaggle,5.5,81.6,Female,20,4.1,85.3,7153.333333333333,8.0,10,Poor
KGL_S1131,Kaggle,7.8,100.0,Female,21,7.2,100.0,8364.583333333332,3.7,9,Adequate
KGL_S1132,Kaggle,7.5,74.0,Female,17,3.5,84.8,5995.0,5.800000000000001,5,Adequate
KGL_S1133,Kaggle,5.9,78.4,Female,21,4.8,87.9,5812.083333333334,3.7,2,Poor
KGL_S1134,Kaggle,7.2,70.7,Male,23,3.6,73.2,5621.666666666667,2.0,3,Adequate
KGL_S1135,Kaggle,4.7,74.3,Male,21,3.4,82.8,6892.916666666666,3.7,8,Poor
KGL_S1136,Kaggle,6.7,67.6,Female,17,4.9,91.1,6110.833333333333,6.6,4,Insufficient
KGL_S1137,Kaggle,7.0,64.7,Male,17,3.1,69.4,4860.0,5.0,2,Insufficient
KGL_S1138,Kaggle,8.5,64.1,Male,23,3.9,87.0,5591.666666666667,3.8,2,Optimal
KGL_S1139,Kaggle,5.6,83.5,Male,17,4.0,86.0,6587.5,3.8,6,Poor
KGL_S1140,Kaggle,5.0,63.4,Male,24,2.5,85.4,6530.833333333334,6.0,8,Poor
KGL_S1141,Kaggle,5.4,96.2,Male,17,5.0,95.4,7457.916666666667,2.1,7,Poor
KGL_S1142,Kaggle,4.9,65.4,Male,20,3.2,88.3,5957.5,4.0,4,Poor
KGL_S1143,Kaggle,8.1,62.0,Male,24,2.4,99.8,5630.416666666666,3.5,2,Optimal
KGL_S1144,Kaggle,8.4,74.0,Male,24,4.3,75.1,6700.416666666666,7.9,9,Optimal
KGL_S1145,Kaggle,6.9,46.7,Female,23,2.2,86.4,5160.000000000001,9.2,4,Insufficient
KGL_S1146,Kaggle,8.0,75.5,Female,19,3.5,85.8,7040.833333333333,5.6,9,Adequate
KGL_S1147,Kaggle,6.7,78.1,Female,19,3.5,74.3,5867.916666666667,4.5,5,Insufficient
KGL_S1148,Kaggle,6.4,85.2,Female,17,5.1,94.6,6969.166666666666,6.800000000000001,7,Insufficient
KGL_S1149,Kaggle,6.1,75.4,Female,24,4.2,100.0,6562.5,5.4,5,Insufficient
KGL_S1150,Kaggle,6.1,64.2,Male,19,3.5,84.8,5578.333333333333,2.6,2,Insufficient
KGL_S1151,Kaggle,4.6,69.7,Female,19,4.7,90.1,6502.499999999999,7.0,6,Poor
KGL_S1152,Kaggle,6.8,90.3,Female,17,5.6,85.8,6842.916666666668,6.8999999999999995,7,Insufficient
KGL_S1153,Kaggle,6.5,81.4,Female,19,4.3,77.9,6447.500000000001,3.8,6,Insufficient
KGL_S1154,Kaggle,7.4,65.0,Male,21,3.5,66.8,5159.583333333333,4.699999999999999,3,Adequate
KGL_S1155,Kaggle,6.6,57.3,Male,18,1.5,77.9,6707.916666666667,5.3,10,Insufficient
KGL_S1156,Kaggle,6.3,57.7,Male,23,1.9,71.1,6131.666666666666,5.2,8,Insufficient
KGL_S1157,Kaggle,5.5,56.7,Male,18,3.0,100.0,6114.583333333334,2.5,3,Poor
KGL_S1158,Kaggle,6.6,62.3,Female,17,2.6,83.8,5886.666666666667,4.8,5,Insufficient
KGL_S1159,Kaggle,7.4,77.9,Female,20,3.2,81.5,6870.833333333333,5.6000000000000005,9,Adequate
KGL_S1160,Kaggle,5.1,65.2,Male,23,3.6,93.9,6326.666666666667,5.0,5,Poor
KGL_S1161,Kaggle,6.6,76.8,Other,17,4.3,73.8,6553.333333333333,4.2,7,Insufficient
KGL_S1162,Kaggle,6.8,83.8,Female,24,3.4,77.3,6567.916666666666,3.1,7,Insufficient
KGL_S1163,Kaggle,5.6,70.6,Male,20,4.2,85.7,6080.0,6.6,5,Poor
KGL_S1164,Kaggle,5.8,63.1,Male,18,3.6,95.3,5559.583333333333,5.5,2,Poor
KGL_S1165,Kaggle,6.8,39.0,Male,17,0.5,90.0,5520.833333333334,5.6,5,Insufficient
KGL_S1166,Kaggle,5.1,66.7,Male,24,2.1,87.5,6562.5,3.0,7,Poor
KGL_S1167,Kaggle,6.9,72.2,Male,23,3.3,85.8,6749.166666666668,3.2,7,Insufficient
KGL_S1168,Kaggle,5.4,50.1,Male,23,1.7,89.0,5672.916666666667,3.9,4,Poor
KGL_S1169,Kaggle,7.8,62.4,Male,22,4.4,87.0,5195.833333333334,6.2,1,Adequate
KGL_S1170,Kaggle,9.3,96.6,Male,24,5.8,74.7,6565.416666666667,4.9,6,Optimal
KGL_S1171,Kaggle,5.5,85.8,Female,21,5.3,85.5,6231.25,2.5,3,Poor
KGL_S1172,Kaggle,7.1,68.3,Male,19,3.2,74.3,5836.666666666667,4.2,5,Adequate
KGL_S1173,Kaggle,5.6,83.8,Female,20,5.7,85.8,6363.75,4.5,4,Poor
KGL_S1174,Kaggle,7.7,69.3,Male,24,3.7,80.2,5057.083333333332,6.9,2,Adequate
KGL_S1175,Kaggle,5.0,65.3,Other,22,3.0,100.0,7010.416666666666,3.5,7,Poor
KGL_S1176,Kaggle,7.1,77.5,Male,19,2.6,84.6,6052.500000000001,3.4,5,Adequate
KGL_S1177,Kaggle,5.5,55.0,Male,19,3.0,71.0,6212.5,4.2,7,Poor
KGL_S1178,Kaggle,6.3,65.2,Other,17,2.9,83.7,6936.25,4.9,9,Insufficient
KGL_S1179,Kaggle,5.3,58.1,Female,19,3.8,90.2,5973.75,5.5,4,Poor
KGL_S1180,Kaggle,7.5,69.2,Female,21,3.7,100.0,6406.25,5.9,5,Adequate
KGL_S1181,Kaggle,5.5,67.4,Male,23,3.5,79.1,6987.916666666666,4.5,9,Poor
KGL_S1182,Kaggle,7.2,79.9,Male,22,4.2,69.2,7209.166666666667,3.8,10,Adequate
KGL_S1183,Kaggle,6.1,85.7,Female,19,5.3,93.2,6402.916666666667,5.1,4,Insufficient
KGL_S1184,Kaggle,6.4,96.2,Female,17,4.9,71.2,6477.916666666667,0.7,5,Insufficient
KGL_S1185,Kaggle,6.7,40.4,Female,21,1.3,80.6,5265.0,7.4,5,Insufficient
KGL_S1186,Kaggle,5.6,55.2,Female,18,0.0,82.4,6205.833333333334,3.4,8,Poor
KGL_S1187,Kaggle,6.8,73.8,Male,23,4.9,84.3,6107.5,5.0,4,Insufficient
KGL_S1188,Kaggle,8.3,46.5,Female,23,1.4,91.9,5485.0,5.8,4,Optimal
KGL_S1189,Kaggle,5.6,60.5,Male,22,3.2,78.2,6496.666666666667,3.6,7,Poor
KGL_S1190,Kaggle,7.9,55.4,Male,23,1.7,82.3,5640.833333333333,5.0,5,Adequate
KGL_S1191,Kaggle,8.3,45.1,Male,19,0.8,84.9,5810.0,4.6,6,Optimal
KGL_S1192,Kaggle,5.5,69.4,Female,17,4.3,86.5,6475.0,5.6,6,Poor
KGL_S1193,Kaggle,4.8,81.3,Male,23,4.6,86.0,6816.666666666666,2.8,6,Poor
KGL_S1194,Kaggle,6.9,66.6,Male,23,2.6,89.4,7245.416666666667,5.1,10,Insufficient
KGL_S1195,Kaggle,5.8,26.7,Female,18,0.0,93.4,5626.666666666667,4.4,5,Poor
KGL_S1196,Kaggle,8.7,64.5,Male,18,2.7,88.9,6118.333333333334,4.0,5,Optimal
KGL_S1197,Kaggle,6.5,87.1,Female,20,4.1,89.5,7560.416666666666,2.7,9,Insufficient
KGL_S1198,Kaggle,5.5,42.2,Male,21,1.3,69.2,6219.583333333333,2.6999999999999997,8,Poor
KGL_S1199,Kaggle,5.1,61.6,Female,19,3.8,85.5,6043.75,3.7,4,Poor
KGL_S1200,Kaggle,7.8,81.9,Female,23,3.5,89.8,7036.666666666668,1.8,7,Adequate
KGL_S1201,Kaggle,5.8,96.5,Male,24,4.4,92.3,7630.416666666668,0.9,8,Poor
KGL_S1202,Kaggle,6.6,85.1,Male,23,3.7,78.1,7400.416666666666,0.7,9,Insufficient
KGL_S1203,Kaggle,7.6,58.5,Male,17,2.0,78.4,5699.583333333334,4.1,5,Adequate
KGL_S1204,Kaggle,5.9,78.4,Male,20,5.3,79.3,6055.416666666667,2.7,3,Poor
KGL_S1205,Kaggle,6.4,56.4,Other,21,3.3,90.4,5593.333333333334,8.2,4,Insufficient
KGL_S1206,Kaggle,6.5,92.6,Male,24,3.5,95.3,7788.75,3.0999999999999996,10,Insufficient
KGL_S1207,Kaggle,7.3,62.3,Female,20,2.1,80.9,6199.583333333334,2.5,6,Adequate
KGL_S1208,Kaggle,7.2,75.8,Male,22,2.8,94.1,7581.666666666666,3.4000000000000004,10,Adequate
KGL_S1209,Kaggle,6.2,47.1,Female,21,2.2,86.2,5748.75,5.9,5,Insufficient
KGL_S1210,Kaggle,6.6,66.3,Female,23,3.2,83.8,7095.0,4.0,9,Insufficient
KGL_S1211,Kaggle,6.1,98.3,Female,23,6.1,82.9,6353.750000000001,2.3,3,Insufficient
KGL_S1212,Kaggle,4.7,29.7,Male,21,1.4,92.5,4968.75,6.1,2,Poor
KGL_S1213,Kaggle,6.8,45.5,Male,23,1.1,88.3,5717.916666666666,6.9,6,Insufficient
KGL_S1214,Kaggle,8.8,100.0,Male,19,5.7,100.0,7541.666666666667,3.8,7,Optimal
KGL_S1215,Kaggle,5.4,67.5,Female,21,3.2,76.5,5818.75,4.9,5,Poor
KGL_S1216,Kaggle,5.6,60.3,Female,20,2.5,90.2,5150.833333333333,3.6,1,Poor
KGL_S1217,Kaggle,5.5,87.0,Other,21,5.1,79.7,6138.333333333333,1.6,3,Poor
KGL_S1218,Kaggle,7.4,48.5,Male,24,2.6,76.3,5240.833333333333,4.4,3,Adequate
KGL_S1219,Kaggle,7.0,100.0,Female,23,6.2,84.9,6518.333333333334,3.8,4,Insufficient
KGL_S1220,Kaggle,6.3,82.1,Female,19,4.5,86.4,7524.583333333334,5.5,10,Insufficient
KGL_S1221,Kaggle,5.4,63.7,Male,19,2.8,100.0,6614.583333333333,4.5,6,Poor
KGL_S1222,Kaggle,6.6,100.0,Male,22,6.7,83.2,6715.416666666667,4.9,5,Insufficient
KGL_S1223,Kaggle,4.6,41.9,Female,20,2.6,73.7,4582.083333333334,5.3,1,Poor
KGL_S1224,Kaggle,6.7,72.7,Female,18,4.6,87.7,6577.916666666667,5.5,6,Insufficient
KGL_S1225,Kaggle,7.5,74.3,Female,18,3.9,64.3,6878.333333333333,2.8,9,Adequate
KGL_S1226,Kaggle,5.0,88.7,Male,21,5.5,84.1,5675.416666666666,3.1,1,Poor
KGL_S1227,Kaggle,4.7,96.6,Female,22,5.8,85.2,7494.583333333332,3.3,8,Poor
KGL_S1228,Kaggle,8.4,72.6,Male,17,3.5,92.9,6895.416666666667,6.300000000000001,8,Optimal
KGL_S1229,Kaggle,5.8,52.4,Male,21,2.4,94.7,5523.75,5.7,3,Poor
KGL_S1230,Kaggle,7.9,100.0,Male,22,4.2,80.0,7583.333333333333,0.4,9,Adequate
KGL_S1231,Kaggle,6.3,73.1,Female,20,2.5,83.5,6868.75,2.3,8,Insufficient
KGL_S1232,Kaggle,6.3,100.0,Female,20,6.5,77.3,6286.666666666667,2.4,3,Insufficient
KGL_S1233,Kaggle,7.0,80.8,Female,20,3.7,73.7,7259.166666666667,3.4,10,Insufficient
KGL_S1234,Kaggle,5.4,62.9,Male,20,3.0,88.1,5910.833333333333,6.4,5,Poor
KGL_S1235,Kaggle,6.7,71.5,Female,20,3.8,72.3,5734.583333333333,1.1,3,Insufficient
KGL_S1236,Kaggle,6.0,46.2,Male,22,1.5,80.9,5689.166666666667,3.8,5,Poor
KGL_S1237,Kaggle,4.9,53.8,Female,22,2.0,75.0,6552.083333333333,4.7,9,Poor
KGL_S1238,Kaggle,6.9,74.2,Male,19,5.3,90.5,6137.5,7.0,4,Insufficient
KGL_S1239,Kaggle,6.2,52.5,Male,24,2.5,100.0,6604.166666666667,4.0,6,Insufficient
KGL_S1240,Kaggle,6.3,51.2,Male,18,1.9,72.0,5039.583333333333,3.9,3,Insufficient
KGL_S1241,Kaggle,5.0,60.6,Male,23,4.3,66.5,5277.083333333334,5.1,3,Poor
KGL_S1242,Kaggle,8.4,91.5,Female,20,5.3,83.8,6553.333333333333,3.8,5,Optimal
KGL_S1243,Kaggle,7.6,87.3,Female,17,4.6,85.2,7182.083333333332,3.9000000000000004,8,Adequate
KGL_S1244,Kaggle,7.7,98.0,Male,23,5.0,87.2,7013.333333333334,6.8,8,Adequate
KGL_S1245,Kaggle,6.1,47.9,Female,22,2.4,80.5,5335.416666666667,4.1,3,Insufficient
KGL_S1246,Kaggle,4.4,51.0,Male,17,1.4,83.0,6502.083333333333,3.5,8,Poor
KGL_S1247,Kaggle,8.8,90.0,Female,17,5.8,88.7,7363.333333333332,5.4,8,Optimal
KGL_S1248,Kaggle,6.4,54.1,Female,17,3.0,95.4,5728.75,5.1,3,Insufficient
KGL_S1249,Kaggle,5.6,58.4,Female,19,3.1,65.4,6739.166666666667,5.199999999999999,10,Poor
KGL_S1250,Kaggle,7.0,100.0,Male,22,5.5,81.3,7699.166666666666,4.6,10,Insufficient
KGL_S1251,Kaggle,7.9,65.2,Female,17,4.3,87.1,5479.583333333333,5.699999999999999,2,Adequate
KGL_S1252,Kaggle,6.5,85.3,Female,20,4.2,75.8,7228.333333333333,5.2,10,Insufficient
KGL_S1253,Kaggle,8.0,93.8,Male,21,6.7,100.0,6656.25,2.3,2,Adequate
KGL_S1254,Kaggle,7.8,78.8,Male,17,2.5,78.6,6725.416666666666,4.9,9,Adequate
KGL_S1255,Kaggle,5.2,85.0,Female,19,4.9,84.6,6927.500000000001,4.4,7,Poor
KGL_S1256,Kaggle,5.7,64.5,Female,23,3.6,90.6,6400.416666666666,5.9,6,Poor
KGL_S1257,Kaggle,7.6,71.0,Female,22,3.9,79.1,6529.583333333333,4.9,7,Adequate
KGL_S1258,Kaggle,3.2,90.8,Female,24,5.8,66.5,7016.666666666667,3.4,8,Poor
KGL_S1259,Kaggle,6.3,72.6,Female,19,4.3,80.7,5444.583333333333,2.1,1,Insufficient
KGL_S1260,Kaggle,4.8,70.9,Male,17,4.3,95.3,7267.916666666666,4.9,8,Poor
KGL_S1261,Kaggle,5.9,65.1,Male,22,5.1,81.6,5769.166666666666,5.6,3,Poor
KGL_S1262,Kaggle,6.1,49.1,Male,21,3.0,76.5,5318.75,4.5,3,Insufficient
KGL_S1263,Kaggle,6.1,62.7,Female,17,2.2,94.3,6326.25,4.699999999999999,6,Insufficient
KGL_S1264,Kaggle,5.8,51.5,Male,19,1.9,81.7,5865.416666666667,0.7,4,Poor
KGL_S1265,Kaggle,5.2,18.4,Female,18,0.6,79.9,4987.083333333334,6.1,4,Poor
KGL_S1266,Kaggle,9.3,100.0,Female,20,6.6,86.5,6485.416666666667,5.300000000000001,4,Optimal
KGL_S1267,Kaggle,8.7,53.3,Female,24,1.8,92.7,7098.75,5.699999999999999,10,Optimal
KGL_S1268,Kaggle,5.1,76.1,Male,23,3.2,100.0,7281.25,6.1,9,Poor
KGL_S1269,Kaggle,8.4,85.6,Female,19,3.1,93.3,6947.083333333333,5.1,8,Optimal
KGL_S1270,Kaggle,6.0,63.0,Male,22,4.0,96.6,5925.416666666667,5.5,3,Poor
KGL_S1271,Kaggle,6.7,73.6,Female,24,4.7,79.9,5247.499999999999,4.6,1,Insufficient
KGL_S1272,Kaggle,6.4,76.2,Male,24,4.8,74.7,5107.083333333333,4.9,1,Insufficient
KGL_S1273,Kaggle,5.7,45.5,Male,24,2.6,85.6,5015.000000000001,4.0,1,Poor
KGL_S1274,Kaggle,7.7,58.6,Female,17,3.2,86.1,5579.583333333333,7.1,4,Adequate
KGL_S1275,Kaggle,6.7,77.8,Male,20,3.9,74.2,6157.083333333333,4.9,6,Insufficient
KGL_S1276,Kaggle,5.9,61.5,Male,17,3.1,83.2,5736.25,4.699999999999999,4,Poor
KGL_S1277,Kaggle,4.9,71.4,Female,22,5.9,89.0,6297.916666666667,3.9,3,Poor
KGL_S1278,Kaggle,5.4,93.9,Female,17,4.2,88.6,7340.000000000001,2.4,8,Poor
KGL_S1279,Kaggle,4.5,85.9,Female,18,4.6,90.0,7427.083333333333,2.7,8,Poor
KGL_S1280,Kaggle,6.5,73.8,Female,20,4.5,87.9,6447.500000000001,6.6,6,Insufficient
KGL_S1281,Kaggle,5.1,83.3,Female,20,5.3,79.9,7299.583333333334,5.300000000000001,9,Poor
KGL_S1282,Kaggle,6.2,79.7,Male,22,3.8,79.9,7487.083333333334,2.9,10,Insufficient
KGL_S1283,Kaggle,8.1,47.1,Male,23,1.6,73.0,4200.0,6.8,1,Optimal
KGL_S1284,Kaggle,7.9,91.9,Male,18,4.1,100.0,7385.416666666666,4.5,8,Adequate
KGL_S1285,Kaggle,6.5,60.6,Female,19,2.5,85.1,6304.583333333333,3.3,6,Insufficient
KGL_S1286,Kaggle,6.4,46.6,Female,17,2.7,82.8,4903.333333333333,4.6,1,Insufficient
KGL_S1287,Kaggle,8.8,84.2,Male,21,4.4,75.7,5986.25,3.1,4,Optimal
KGL_S1288,Kaggle,7.1,95.5,Male,17,5.4,100.0,7062.5,3.0,5,Adequate
KGL_S1289,Kaggle,6.1,73.5,Female,24,3.5,74.3,6524.166666666668,3.0,7,Insufficient
KGL_S1290,Kaggle,4.8,75.9,Male,17,4.0,80.7,7069.583333333332,2.7,8,Poor
KGL_S1291,Kaggle,7.0,100.0,Female,19,6.1,89.2,8052.916666666667,1.9,9,Insufficient
KGL_S1292,Kaggle,7.5,74.2,Female,17,3.9,91.0,6660.416666666667,4.1,6,Adequate
KGL_S1293,Kaggle,5.7,100.0,Female,18,7.4,94.6,8615.0,2.8,10,Poor
KGL_S1294,Kaggle,6.8,94.9,Male,18,4.3,100.0,7802.083333333334,3.3,9,Insufficient
KGL_S1295,Kaggle,6.1,27.6,Female,20,0.9,90.1,5065.000000000001,8.399999999999999,4,Insufficient
KGL_S1296,Kaggle,6.3,86.2,Female,22,4.6,74.4,6818.333333333334,4.8,8,Insufficient
KGL_S1297,Kaggle,3.5,60.1,Female,23,4.1,82.4,5726.666666666667,4.199999999999999,3,Poor
KGL_S1298,Kaggle,6.2,91.3,Female,21,5.4,88.1,6317.083333333333,4.9,4,Insufficient
KGL_S1299,Kaggle,7.7,93.8,Female,24,4.5,100.0,8062.5,3.6,10,Adequate
KGL_S1300,Kaggle,5.7,61.6,Female,17,3.3,71.0,5306.25,6.300000000000001,4,Poor
KGL_S1301,Kaggle,6.6,41.7,Male,17,1.7,97.0,6018.75,7.3,6,Insufficient
KGL_S1302,Kaggle,5.6,74.5,Female,19,3.2,86.8,7055.416666666668,5.1,9,Poor
KGL_S1303,Kaggle,6.9,63.7,Female,22,2.2,93.4,6387.083333333334,3.9,6,Insufficient
KGL_S1304,Kaggle,6.2,39.6,Male,18,2.6,84.0,4818.75,5.5,1,Insufficient
KGL_S1305,Kaggle,5.4,87.5,Female,21,4.4,76.6,6175.416666666666,3.9,5,Poor
KGL_S1306,Kaggle,8.1,100.0,Female,20,6.0,92.5,8010.416666666667,2.9000000000000004,9,Optimal
KGL_S1307,Kaggle,7.6,75.4,Female,18,4.1,91.5,6433.333333333333,4.4,5,Adequate
KGL_S1308,Kaggle,5.8,61.5,Male,24,1.7,94.7,6242.5,4.6,6,Poor
KGL_S1309,Kaggle,7.1,73.3,Male,22,4.2,84.9,5851.666666666667,3.8000000000000003,3,Adequate
KGL_S1310,Kaggle,7.1,96.3,Other,24,5.3,79.0,7006.25,5.5,8,Adequate
KGL_S1311,Kaggle,7.3,67.0,Female,23,2.6,69.4,6547.499999999999,7.0,10,Adequate
KGL_S1312,Kaggle,4.5,70.1,Male,20,3.3,93.2,6152.916666666667,3.5,4,Poor
KGL_S1313,Kaggle,7.7,84.2,Female,23,3.5,89.2,6313.333333333334,1.4,4,Adequate
KGL_S1314,Kaggle,5.8,48.9,Female,19,2.3,75.3,5705.416666666667,3.9,5,Poor
KGL_S1315,Kaggle,6.1,98.8,Female,24,4.5,79.6,7531.666666666666,3.8,10,Insufficient
KGL_S1316,Kaggle,9.7,76.1,Female,19,3.3,80.3,6913.75,5.1,9,Optimal
KGL_S1317,Kaggle,6.9,80.4,Male,17,4.1,70.2,6671.666666666667,4.2,8,Insufficient
KGL_S1318,Kaggle,6.0,64.1,Male,23,2.2,76.8,6211.666666666667,4.0,7,Poor
KGL_S1319,Kaggle,3.9,59.4,Male,22,2.8,73.7,5488.333333333334,6.6,5,Poor
KGL_S1320,Kaggle,8.2,94.2,Female,24,4.6,80.9,7387.083333333334,3.3,9,Optimal
KGL_S1321,Kaggle,4.9,67.8,Male,21,2.9,77.6,6815.000000000001,4.6,9,Poor
KGL_S1322,Kaggle,5.3,96.1,Male,20,6.1,68.7,7332.083333333332,6.300000000000001,10,Poor
KGL_S1323,Kaggle,6.1,70.2,Male,18,2.9,100.0,7760.416666666667,3.3,10,Insufficient
KGL_S1324,Kaggle,8.2,84.2,Female,22,3.8,97.5,5968.75,2.5,2,Optimal
KGL_S1325,Kaggle,7.4,75.4,Female,22,4.9,77.2,5961.25,4.7,4,Adequate
KGL_S1326,Kaggle,6.3,41.7,Male,19,1.4,87.7,6411.250000000001,5.5,8,Insufficient
KGL_S1327,Kaggle,6.9,23.1,Male,23,0.9,89.2,4657.083333333333,4.9,1,Insufficient
KGL_S1328,Kaggle,5.8,50.3,Female,24,1.2,96.9,6078.75,3.3,5,Poor
KGL_S1329,Kaggle,6.7,100.0,Male,24,5.4,76.8,7524.166666666668,0.2,8,Insufficient
KGL_S1330,Kaggle,6.6,52.2,Male,17,2.7,95.9,5553.75,3.9,2,Insufficient
KGL_S1331,Kaggle,7.7,100.0,Male,17,7.3,79.5,6164.583333333333,3.3,2,Adequate
KGL_S1332,Kaggle,7.7,71.2,Male,20,2.7,71.6,6415.000000000001,4.199999999999999,8,Adequate
KGL_S1333,Kaggle,7.1,72.3,Male,19,3.8,92.2,7534.166666666667,5.4,10,Adequate
KGL_S1334,Kaggle,6.1,100.0,Female,22,5.8,97.9,8051.666666666668,3.4,9,Insufficient
KGL_S1335,Kaggle,7.4,100.0,Male,24,6.5,100.0,7333.333333333333,7.4,7,Adequate
KGL_S1336,Kaggle,6.4,100.0,Female,21,6.6,73.0,7189.583333333333,4.9,8,Insufficient
KGL_S1337,Kaggle,5.2,93.1,Male,19,5.3,92.0,6747.916666666666,3.9000000000000004,5,Poor
KGL_S1338,Kaggle,6.0,67.7,Female,20,5.0,80.9,5293.333333333334,5.0,1,Poor
KGL_S1339,Kaggle,6.6,77.9,Female,20,4.4,92.8,6288.75,4.3,4,Insufficient
KGL_S1340,Kaggle,7.6,80.3,Male,19,4.7,70.3,5080.416666666667,6.300000000000001,2,Adequate
KGL_S1341,Kaggle,6.3,44.3,Female,20,2.7,72.4,5122.5,4.800000000000001,3,Insufficient
KGL_S1342,Kaggle,5.0,54.7,Male,19,2.3,77.2,5252.916666666667,3.9000000000000004,3,Poor
KGL_S1343,Kaggle,6.6,85.0,Other,18,3.5,85.8,7238.75,3.7,9,Insufficient
KGL_S1344,Kaggle,6.6,81.7,Male,19,3.2,78.6,7381.666666666666,2.4,10,Insufficient
KGL_S1345,Kaggle,6.7,71.6,Male,23,2.8,91.6,6185.833333333333,1.8,4,Insufficient
KGL_S1346,Kaggle,7.6,73.7,Male,19,4.5,95.3,5465.833333333334,8.2,2,Adequate
KGL_S1347,Kaggle,7.7,77.0,Other,20,4.9,91.0,5952.083333333334,5.7,3,Adequate
KGL_S1348,Kaggle,5.8,72.3,Female,24,3.6,100.0,6156.25,3.3,3,Poor
KGL_S1349,Kaggle,5.8,100.0,Female,23,5.7,89.2,7448.75,2.1,7,Poor
KGL_S1350,Kaggle,5.3,54.0,Male,20,1.8,72.8,6049.166666666667,6.2,8,Poor
KGL_S1351,Kaggle,7.3,70.4,Female,17,3.2,98.6,6715.000000000001,4.0,6,Adequate
KGL_S1352,Kaggle,8.2,47.0,Male,17,2.4,78.9,5253.749999999999,6.9,4,Optimal
KGL_S1353,Kaggle,6.1,48.7,Female,24,0.7,94.1,6269.166666666666,2.2,6,Insufficient
KGL_S1354,Kaggle,6.2,47.6,Male,24,3.4,100.0,5479.166666666667,4.6,1,Insufficient
KGL_S1355,Kaggle,8.3,81.1,Male,23,3.3,89.6,7385.833333333333,5.199999999999999,10,Optimal
KGL_S1356,Kaggle,7.1,100.0,Male,18,5.8,70.0,7093.75,3.5,8,Adequate
KGL_S1357,Kaggle,7.0,81.9,Male,24,4.4,75.8,5322.083333333333,2.3,1,Insufficient
KGL_S1358,Kaggle,5.1,56.3,Female,17,2.0,98.2,6059.166666666667,5.4,5,Poor
KGL_S1359,Kaggle,7.3,100.0,Male,19,6.3,83.3,6238.75,1.5,2,Adequate
KGL_S1360,Kaggle,5.4,81.0,Female,20,5.3,85.8,6717.916666666668,5.1,6,Poor
KGL_S1361,Kaggle,5.1,84.9,Male,17,4.4,92.6,7346.249999999999,6.1,9,Poor
KGL_S1362,Kaggle,6.1,67.9,Female,17,3.2,92.0,6341.666666666667,3.5999999999999996,5,Insufficient
KGL_S1363,Kaggle,5.8,56.9,Male,18,2.1,87.8,5538.75,5.7,4,Poor
KGL_S1364,Kaggle,6.2,45.9,Male,23,2.9,82.9,5176.666666666667,4.8,2,Insufficient
KGL_S1365,Kaggle,4.8,76.0,Female,23,5.1,81.9,5985.0,3.6,3,Poor
KGL_S1366,Kaggle,7.7,94.8,Male,22,6.3,93.6,7173.333333333333,4.6,6,Adequate
KGL_S1367,Kaggle,7.9,99.3,Male,18,5.8,90.5,7210.416666666667,7.3,8,Adequate
KGL_S1368,Kaggle,4.2,71.0,Female,19,2.8,82.4,6622.499999999999,5.0,8,Poor
KGL_S1369,Kaggle,7.7,70.9,Female,23,1.8,95.8,6342.916666666667,1.7000000000000002,5,Adequate
KGL_S1370,Kaggle,5.5,59.8,Male,20,3.7,83.7,5936.25,6.5,5,Poor
KGL_S1371,Kaggle,7.5,36.0,Male,24,0.8,76.5,6537.5,5.199999999999999,10,Adequate
KGL_S1372,Kaggle,6.4,68.4,Female,18,4.0,77.4,5507.916666666667,4.9,3,Insufficient
KGL_S1373,Kaggle,6.5,72.9,Male,24,3.3,75.2,6630.0,1.7999999999999998,7,Insufficient
KGL_S1374,Kaggle,6.3,57.3,Male,17,2.8,82.3,6005.416666666666,6.1,6,Insufficient
KGL_S1375,Kaggle,8.0,50.3,Male,20,1.1,97.3,4817.916666666667,5.7,1,Adequate
KGL_S1376,Kaggle,5.0,65.7,Female,20,4.3,76.9,5672.500000000001,6.2,4,Poor
KGL_S1377,Kaggle,7.2,67.9,Female,17,2.7,86.9,6266.25,4.5,6,Adequate
KGL_S1378,Kaggle,7.8,63.6,Male,18,1.7,78.4,6032.916666666667,2.7,6,Adequate
KGL_S1379,Kaggle,7.4,32.9,Male,17,0.0,82.4,4872.5,4.2,3,Adequate
KGL_S1380,Kaggle,9.3,67.7,Male,24,3.5,69.9,6080.833333333334,3.8000000000000003,6,Optimal
KGL_S1381,Kaggle,5.9,100.0,Female,22,6.2,82.8,7903.333333333333,4.4,10,Poor
KGL_S1382,Kaggle,7.6,96.8,Male,20,6.0,83.1,6806.666666666666,5.0,6,Adequate
KGL_S1383,Kaggle,6.4,71.0,Male,21,2.8,90.4,7312.083333333334,2.7,9,Insufficient
KGL_S1384,Kaggle,8.0,59.8,Female,21,2.6,87.2,6565.416666666667,8.7,9,Adequate
KGL_S1385,Kaggle,6.5,64.2,Male,24,4.2,73.0,5168.75,5.1,2,Insufficient
KGL_S1386,Kaggle,6.0,45.2,Female,19,2.0,95.8,5957.5,3.4000000000000004,4,Poor
KGL_S1387,Kaggle,8.1,82.9,Male,23,4.0,87.1,7219.166666666666,5.2,9,Optimal
KGL_S1388,Kaggle,5.9,73.2,Male,17,4.6,87.0,6185.416666666666,4.3,4,Poor
KGL_S1389,Kaggle,4.8,79.6,Male,17,5.3,84.9,7018.333333333334,6.8,8,Poor
KGL_S1390,Kaggle,5.9,73.0,Female,19,3.3,79.8,7495.0,1.7999999999999998,10,Poor
KGL_S1391,Kaggle,7.2,72.6,Female,19,3.2,87.2,6065.416666666667,0.30000000000000004,3,Adequate
KGL_S1392,Kaggle,8.2,45.2,Female,24,2.2,89.8,5234.583333333333,6.9,3,Optimal
KGL_S1393,Kaggle,6.6,51.8,Male,24,2.3,67.5,6125.0,7.6,9,Insufficient
KGL_S1394,Kaggle,8.1,92.0,Female,19,3.2,79.6,7500.416666666666,1.5,10,Optimal
KGL_S1395,Kaggle,4.9,77.8,Male,20,4.1,82.5,6906.25,4.9,8,Poor
KGL_S1396,Kaggle,6.0,97.2,Male,24,4.9,87.6,5700.416666666667,2.5,1,Poor
KGL_S1397,Kaggle,6.2,71.9,Female,22,2.3,96.9,7443.333333333334,4.4,10,Insufficient
KGL_S1398,Kaggle,6.4,69.1,Male,24,5.7,77.3,5640.833333333333,4.6,2,Insufficient
KGL_S1399,Kaggle,6.6,59.6,Male,17,3.1,80.0,5479.166666666667,4.0,3,Insufficient
KGL_S1400,Kaggle,7.3,60.4,Male,24,3.5,79.9,5372.5,3.4000000000000004,2,Adequate
KGL_S1401,Kaggle,6.0,48.3,Male,20,2.4,77.0,5300.0,3.6,3,Poor
KGL_S1402,Kaggle,6.7,50.1,Male,19,0.0,81.5,6391.666666666667,1.4,8,Insufficient
KGL_S1403,Kaggle,6.4,74.9,Female,17,4.8,92.7,6702.916666666667,5.9,6,Insufficient
KGL_S1404,Kaggle,5.4,85.6,Male,24,4.6,74.5,6622.916666666666,4.3,7,Poor
KGL_S1405,Kaggle,6.4,65.4,Female,20,3.1,89.3,7472.083333333333,3.9,10,Insufficient
KGL_S1406,Kaggle,6.3,82.4,Female,22,3.6,68.0,7095.833333333333,3.4000000000000004,10,Insufficient
KGL_S1407,Kaggle,6.3,67.3,Male,24,4.3,79.4,6224.583333333334,6.3,6,Insufficient
KGL_S1408,Kaggle,6.5,34.3,Male,20,1.2,81.7,4469.583333333334,5.5,1,Insufficient
KGL_S1409,Kaggle,6.6,53.0,Male,22,2.7,100.0,5791.666666666666,5.0,3,Insufficient
KGL_S1410,Kaggle,6.0,78.0,Female,19,4.7,82.3,5370.0,4.0,1,Poor
KGL_S1411,Kaggle,8.0,58.2,Male,24,1.6,63.0,6491.666666666667,4.0,10,Adequate
KGL_S1412,Kaggle,5.1,73.7,Female,22,3.9,65.0,6739.583333333333,4.300000000000001,9,Poor
KGL_S1413,Kaggle,5.6,60.3,Male,17,1.5,85.3,6736.666666666668,4.4,9,Poor
KGL_S1414,Kaggle,9.8,78.7,Female,19,4.2,91.1,6277.5,6.0,5,Optimal
KGL_S1415,Kaggle,5.3,68.3,Male,17,3.4,88.8,6084.583333333333,3.3,4,Poor
KGL_S1416,Kaggle,4.9,49.9,Male,21,1.1,86.7,6605.0,5.2,9,Poor
KGL_S1417,Kaggle,7.4,100.0,Female,18,5.2,96.6,7748.333333333333,4.800000000000001,9,Adequate
KGL_S1418,Kaggle,4.0,54.7,Female,24,2.4,79.6,5354.583333333333,3.6999999999999997,3,Poor
KGL_S1419,Kaggle,6.2,58.7,Male,22,2.3,93.9,6034.999999999999,5.199999999999999,5,Insufficient
KGL_S1420,Kaggle,9.1,70.8,Female,18,3.8,68.7,5030.0,7.0,3,Optimal
KGL_S1421,Kaggle,4.6,87.1,Female,18,5.2,76.0,7327.083333333334,6.3,10,Poor
KGL_S1422,Kaggle,4.1,29.5,Female,22,2.0,66.9,4432.916666666667,6.3,2,Poor
KGL_S1423,Kaggle,4.7,53.2,Female,19,3.6,82.3,5088.75,4.5,1,Poor
KGL_S1424,Kaggle,7.6,73.0,Male,24,4.1,84.5,7372.916666666666,5.699999999999999,10,Adequate
KGL_S1425,Kaggle,7.8,71.1,Male,21,4.5,86.1,5871.25,2.1,2,Adequate
KGL_S1426,Kaggle,5.9,80.9,Male,17,3.8,85.6,7233.750000000001,1.9,8,Poor
KGL_S1427,Kaggle,7.3,75.1,Female,20,2.9,75.7,6673.75,3.0999999999999996,8,Adequate
KGL_S1428,Kaggle,8.2,52.4,Female,17,2.3,83.1,5317.083333333333,4.7,3,Optimal
KGL_S1429,Kaggle,8.6,67.6,Male,20,3.6,70.0,6354.166666666667,3.8,7,Optimal
KGL_S1430,Kaggle,6.2,35.7,Male,17,1.9,98.6,6381.666666666666,7.0,7,Insufficient
KGL_S1431,Kaggle,3.7,29.9,Female,22,0.0,82.0,4581.25,4.5,2,Poor
KGL_S1432,Kaggle,5.5,70.7,Other,21,4.2,80.1,6929.583333333333,6.699999999999999,9,Poor
KGL_S1433,Kaggle,6.0,89.3,Female,24,4.9,100.0,6479.166666666667,2.8000000000000003,3,Poor
KGL_S1434,Kaggle,6.2,26.2,Male,20,0.0,72.6,4117.083333333333,6.7,2,Insufficient
KGL_S1435,Kaggle,6.3,58.3,Male,24,2.0,73.7,5186.25,3.1,3,Insufficient
KGL_S1436,Kaggle,7.8,78.4,Male,24,4.4,74.0,5506.25,2.5,2,Adequate
KGL_S1437,Kaggle,8.0,100.0,Female,24,6.6,84.3,7388.749999999999,5.699999999999999,8,Adequate
KGL_S1438,Kaggle,6.3,66.8,Male,23,3.5,89.3,6076.25,6.1,5,Insufficient
KGL_S1439,Kaggle,7.8,63.8,Female,19,2.4,92.4,5705.833333333334,3.4,3,Adequate
KGL_S1440,Kaggle,6.9,76.1,Male,17,3.2,100.0,6802.083333333333,1.1,5,Insufficient
KGL_S1441,Kaggle,6.6,82.7,Female,24,5.6,62.5,6791.666666666666,4.2,8,Insufficient
KGL_S1442,Kaggle,7.6,65.0,Female,17,2.5,91.1,6444.166666666666,5.8,7,Adequate
KGL_S1443,Kaggle,6.6,66.8,Female,24,2.3,79.4,6162.083333333334,2.9000000000000004,6,Insufficient
KGL_S1444,Kaggle,9.0,64.9,Male,20,2.8,79.1,4842.083333333333,4.5,1,Optimal
KGL_S1445,Kaggle,4.8,63.1,Male,19,2.1,78.8,7074.166666666668,3.1999999999999997,10,Poor
KGL_S1446,Kaggle,5.9,56.3,Male,19,3.7,75.9,5137.083333333334,2.7,1,Poor
KGL_S1447,Kaggle,6.3,93.6,Female,22,5.9,100.0,6166.666666666667,3.0,1,Insufficient
KGL_S1448,Kaggle,7.0,91.9,Female,23,4.0,93.4,7762.083333333334,3.9,10,Insufficient
KGL_S1449,Kaggle,8.0,74.0,Female,22,3.1,85.2,6723.75,5.3,8,Adequate
KGL_S1450,Kaggle,6.5,62.7,Female,22,3.1,98.5,7077.083333333334,5.1,8,Insufficient
KGL_S1451,Kaggle,4.8,58.6,Female,22,1.2,69.9,5935.0,3.0,7,Poor
KGL_S1452,Kaggle,7.5,89.3,Male,22,4.8,71.7,6386.25,3.9,6,Adequate
KGL_S1453,Kaggle,7.4,63.4,Female,22,3.4,63.2,5298.75,4.7,4,Adequate
KGL_S1454,Kaggle,4.2,46.7,Male,21,3.2,78.0,4762.5,5.800000000000001,1,Poor
KGL_S1455,Kaggle,6.5,100.0,Male,19,8.3,86.6,8029.583333333333,5.9,9,Insufficient
KGL_S1456,Kaggle,4.6,68.7,Female,22,3.9,86.0,5472.916666666667,2.3,1,Poor
KGL_S1457,Kaggle,5.7,58.9,Male,24,2.4,86.5,5735.416666666667,4.1,4,Poor
KGL_S1458,Kaggle,5.4,59.0,Male,19,2.9,70.9,4991.25,6.1,3,Poor
KGL_S1459,Kaggle,7.5,77.9,Female,19,5.2,93.0,6929.166666666667,7.0,7,Adequate
KGL_S1460,Kaggle,6.6,72.3,Male,18,3.7,87.4,6330.833333333334,3.5999999999999996,5,Insufficient
KGL_S1461,Kaggle,5.0,49.7,Female,21,1.3,92.3,5745.0,5.6,5,Poor
KGL_S1462,Kaggle,7.6,80.9,Male,22,4.9,66.1,5902.5,2.6,4,Adequate
KGL_S1463,Kaggle,4.8,44.5,Male,17,2.5,88.1,4837.916666666666,6.1,1,Poor
KGL_S1464,Kaggle,6.9,85.3,Male,20,6.3,73.1,6171.249999999999,6.9,5,Insufficient
KGL_S1465,Kaggle,5.5,83.2,Male,23,5.1,81.0,6347.916666666667,2.3,4,Poor
KGL_S1466,Kaggle,6.1,59.7,Female,24,2.8,90.3,7309.583333333333,5.1000000000000005,10,Insufficient
KGL_S1467,Kaggle,7.1,98.1,Male,17,5.4,85.9,7157.916666666667,5.9,8,Adequate
KGL_S1468,Kaggle,7.1,66.8,Female,21,3.6,76.5,5443.75,2.1,2,Adequate
KGL_S1469,Kaggle,8.1,96.1,Male,20,4.8,85.1,7315.000000000001,3.0,8,Optimal
KGL_S1470,Kaggle,6.4,60.4,Female,21,4.2,69.7,4805.0,5.4,1,Insufficient
KGL_S1471,Kaggle,6.9,33.8,Female,24,2.2,96.5,5933.333333333334,4.2,4,Insufficient
KGL_S1472,Kaggle,6.0,56.1,Female,19,2.5,82.9,5405.833333333334,4.2,3,Poor
KGL_S1473,Kaggle,6.7,80.6,Male,20,5.0,96.2,6623.750000000001,5.5,5,Insufficient
KGL_S1474,Kaggle,7.0,52.6,Male,19,3.0,79.7,5659.166666666667,6.8,5,Insufficient
KGL_S1475,Kaggle,6.4,52.1,Male,24,2.9,79.8,5734.583333333333,5.9,5,Insufficient
KGL_S1476,Kaggle,4.3,39.9,Female,17,2.1,77.4,5445.416666666667,4.1,4,Poor
KGL_S1477,Kaggle,6.9,84.0,Male,24,4.1,93.8,7095.0,5.800000000000001,8,Insufficient
KGL_S1478,Kaggle,6.9,97.7,Female,17,6.6,77.9,6260.0,3.0,3,Insufficient
KGL_S1479,Kaggle,5.7,43.3,Female,20,1.9,91.4,5628.75,5.3,4,Poor
KGL_S1480,Kaggle,5.0,55.9,Male,20,3.5,81.2,4884.166666666667,6.0,1,Poor
KGL_S1481,Kaggle,8.3,84.6,Female,22,5.6,65.2,6650.833333333334,3.8000000000000003,7,Optimal
KGL_S1482,Kaggle,7.1,67.0,Male,21,3.4,79.3,5211.666666666666,2.2,1,Adequate
KGL_S1483,Kaggle,6.2,76.0,Male,22,4.2,73.2,5340.416666666667,3.5,2,Insufficient
KGL_S1484,Kaggle,5.1,56.9,Female,21,1.9,85.3,6559.583333333333,2.1,7,Poor
KGL_S1485,Kaggle,5.5,77.5,Female,22,4.1,73.1,5202.499999999999,2.2,1,Poor
KGL_S1486,Kaggle,8.1,69.4,Female,19,3.2,94.3,5836.666666666667,4.2,3,Optimal
KGL_S1487,Kaggle,6.7,94.6,Male,20,5.0,84.1,6852.500000000001,2.8,6,Insufficient
KGL_S1488,Kaggle,5.8,93.4,Male,17,5.3,83.2,6642.5,5.2,6,Poor
KGL_S1489,Kaggle,7.1,100.0,Female,21,7.4,91.6,7321.249999999999,4.9,6,Adequate
KGL_S1490,Kaggle,5.5,63.6,Female,24,4.4,94.6,5906.666666666666,3.6,2,Poor
KGL_S1491,Kaggle,8.3,53.0,Female,21,4.0,84.8,5255.416666666667,6.699999999999999,2,Optimal
KGL_S1492,Kaggle,8.1,67.8,Male,17,3.8,77.3,6161.666666666667,5.4,6,Optimal
KGL_S1493,Kaggle,5.9,73.9,Female,22,3.0,67.3,6828.333333333333,4.6000000000000005,10,Poor
KGL_S1494,Kaggle,5.7,66.5,Male,21,4.0,78.1,6150.416666666666,3.7,5,Poor
KGL_S1495,Kaggle,3.4,49.9,Male,23,3.1,78.8,6272.083333333333,5.7,7,Poor
KGL_S1496,Kaggle,4.7,73.9,Female,19,3.8,86.1,6881.666666666666,3.0,7,Poor
KGL_S1497,Kaggle,4.9,80.3,Male,20,5.5,81.5,6558.333333333333,3.6,5,Poor
KGL_S1498,Kaggle,6.7,71.7,Female,17,2.0,91.9,6724.583333333334,4.7,8,Insufficient
KGL_S1499,Kaggle,6.1,83.3,Male,20,5.2,78.9,7285.000000000001,7.4,10,Insufficient
KGL_S1500,Kaggle,4.9,84.5,Male,23,5.5,84.4,6995.416666666668,2.5,6,Poor
KGL_S1501,Kaggle,6.2,74.9,Female,21,3.3,96.8,6607.5,2.4,5,Insufficient
KGL_S1502,Kaggle,7.1,34.0,Female,21,0.3,88.4,5210.0,5.4,4,Adequate
KGL_S1503,Kaggle,7.1,63.0,Female,24,2.6,84.4,6537.083333333334,3.5,7,Adequate
KGL_S1504,Kaggle,4.2,77.9,Female,23,5.4,79.0,5954.166666666667,6.2,4,Poor
KGL_S1505,Kaggle,6.3,72.9,Female,17,3.5,78.7,6311.25,1.3,5,Insufficient
KGL_S1506,Kaggle,4.8,53.2,Female,24,2.0,76.5,5443.75,6.1,5,Poor
KGL_S1507,Kaggle,7.6,57.3,Female,19,2.7,79.6,4948.333333333333,3.4,1,Adequate
KGL_S1508,Kaggle,7.4,76.6,Male,24,4.8,92.6,5565.0,4.800000000000001,1,Adequate
KGL_S1509,Kaggle,5.4,64.6,Female,18,4.3,82.8,5642.916666666667,5.5,3,Poor
KGL_S1510,Kaggle,5.6,51.1,Male,17,3.1,71.5,5204.166666666667,4.6,3,Poor
KGL_S1511,Kaggle,5.9,63.0,Other,18,2.9,100.0,5479.166666666667,6.0,2,Poor
KGL_S1512,Kaggle,3.8,61.6,Female,23,2.9,88.2,5465.416666666667,3.3,2,Poor
KGL_S1513,Kaggle,6.9,62.5,Male,22,2.1,70.9,5730.833333333334,4.6,6,Insufficient
KGL_S1514,Kaggle,6.2,87.1,Female,18,5.9,80.6,5681.666666666666,3.0,1,Insufficient
KGL_S1515,Kaggle,7.7,82.5,Female,19,3.0,86.1,6569.166666666666,2.0,6,Adequate
KGL_S1516,Kaggle,5.2,80.9,Male,24,5.3,100.0,6854.166666666666,4.8,5,Poor
KGL_S1517,Kaggle,5.8,100.0,Female,22,5.8,73.9,6826.666666666667,2.2,6,Poor
KGL_S1518,Kaggle,4.7,79.6,Female,24,5.0,94.8,6567.916666666668,5.7,5,Poor
KGL_S1519,Kaggle,5.3,71.2,Male,18,2.9,99.0,6922.916666666667,3.9000000000000004,7,Poor
KGL_S1520,Kaggle,5.1,62.7,Female,24,4.1,78.7,5165.416666666667,3.9,1,Poor
KGL_S1521,Kaggle,7.7,64.2,Male,23,3.5,82.2,5669.583333333333,3.5,3,Adequate
KGL_S1522,Kaggle,5.7,44.1,Female,22,2.1,74.6,5875.416666666666,4.1,6,Poor
KGL_S1523,Kaggle,6.6,61.7,Other,23,4.0,83.0,4970.833333333334,6.6,1,Insufficient
KGL_S1524,Kaggle,6.0,39.9,Female,18,1.7,84.6,6156.666666666666,5.4,7,Poor
KGL_S1525,Kaggle,5.0,84.1,Male,23,5.3,91.6,6498.333333333333,3.8,4,Poor
KGL_S1526,Kaggle,6.3,40.7,Female,19,2.8,95.9,5439.166666666667,7.6,3,Insufficient
KGL_S1527,Kaggle,7.2,81.8,Female,18,3.8,77.5,7437.5,2.8,10,Adequate
KGL_S1528,Kaggle,5.1,77.0,Male,18,3.9,65.3,6507.5,6.6,9,Poor
KGL_S1529,Kaggle,7.5,65.7,Female,18,3.1,84.8,5015.833333333333,4.800000000000001,1,Adequate
KGL_S1530,Kaggle,5.5,80.9,Male,17,4.4,87.9,7228.749999999999,3.7,8,Poor
KGL_S1531,Kaggle,5.9,47.4,Female,24,2.8,87.5,5010.416666666666,4.9,1,Poor
KGL_S1532,Kaggle,7.1,83.0,Male,17,4.8,81.7,6209.166666666667,5.6,5,Adequate
KGL_S1533,Kaggle,5.7,54.2,Male,17,1.5,86.2,6915.416666666667,5.3,10,Poor
KGL_S1534,Kaggle,6.5,82.5,Male,19,3.7,100.0,7177.083333333334,5.699999999999999,8,Insufficient
KGL_S1535,Kaggle,6.1,85.0,Female,22,6.4,88.8,6959.583333333333,5.7,6,Insufficient
KGL_S1536,Kaggle,6.7,40.4,Male,24,2.0,81.3,6178.333333333333,5.0,7,Insufficient
KGL_S1537,Kaggle,3.6,58.9,Female,23,2.5,80.0,6697.916666666667,3.1,8,Poor
KGL_S1538,Kaggle,4.3,67.5,Male,21,4.3,83.3,6353.333333333333,6.0,6,Poor
KGL_S1539,Kaggle,7.2,81.0,Male,18,3.8,100.0,6697.916666666666,5.699999999999999,6,Adequate
KGL_S1540,Kaggle,7.7,74.7,Female,23,4.0,83.2,6288.333333333333,6.0,6,Adequate
KGL_S1541,Kaggle,5.4,67.4,Female,18,4.2,84.8,5995.0,7.199999999999999,5,Poor
KGL_S1542,Kaggle,6.2,72.2,Male,19,4.5,80.2,6848.75,5.7,8,Insufficient
KGL_S1543,Kaggle,6.9,77.1,Female,18,5.2,96.0,6004.166666666667,4.6000000000000005,2,Insufficient
KGL_S1544,Kaggle,7.3,87.9,Female,17,4.1,100.0,7145.833333333333,4.4,7,Adequate
KGL_S1545,Kaggle,4.1,54.1,Female,24,3.1,89.5,5768.75,5.9,4,Poor
KGL_S1546,Kaggle,5.4,62.9,Male,21,4.5,85.8,5426.25,3.9000000000000004,1,Poor
KGL_S1547,Kaggle,6.1,95.6,Male,20,6.3,85.4,6593.333333333334,5.8,5,Insufficient
KGL_S1548,Kaggle,7.3,67.1,Female,18,3.3,61.2,5009.166666666667,4.4,3,Adequate
KGL_S1549,Kaggle,9.5,51.5,Male,23,2.0,92.5,5583.333333333333,6.2,4,Optimal
KGL_S1550,Kaggle,6.2,97.9,Female,17,5.2,86.3,7313.75,1.7,7,Insufficient
KGL_S1551,Kaggle,4.8,67.0,Female,20,3.3,89.3,6180.416666666667,4.7,5,Poor
KGL_S1552,Kaggle,7.0,31.5,Female,21,0.2,77.9,4947.5,5.2,4,Insufficient
KGL_S1553,Kaggle,8.1,88.0,Female,20,4.8,81.2,5696.666666666667,0.8,1,Optimal
KGL_S1554,Kaggle,6.6,53.4,Other,17,2.7,80.9,5980.833333333334,5.8,6,Insufficient
KGL_S1555,Kaggle,5.4,83.4,Male,24,3.4,95.2,7921.666666666667,1.6,10,Poor
KGL_S1556,Kaggle,7.6,79.0,Female,24,4.0,81.2,5957.083333333333,8.7,6,Adequate
KGL_S1557,Kaggle,7.3,69.9,Male,22,3.8,100.0,6718.75,7.9,7,Adequate
KGL_S1558,Kaggle,5.3,60.1,Male,24,4.6,89.3,5586.666666666666,3.4000000000000004,1,Poor
KGL_S1559,Kaggle,7.0,70.3,Female,22,2.8,72.2,5440.416666666667,4.3,4,Insufficient
KGL_S1560,Kaggle,7.7,79.8,Female,20,4.3,83.7,6936.25,7.699999999999999,9,Adequate
KGL_S1561,Kaggle,7.9,66.6,Other,19,3.1,78.5,7025.0,5.6,10,Adequate
KGL_S1562,Kaggle,6.4,91.7,Female,23,4.6,63.1,6410.833333333333,1.2,6,Insufficient
KGL_S1563,Kaggle,6.1,70.1,Male,23,4.4,100.0,5968.75,4.3,2,Insufficient
KGL_S1564,Kaggle,8.0,61.5,Male,20,2.1,92.0,5612.5,6.0,4,Adequate
KGL_S1565,Kaggle,5.0,79.3,Female,18,5.1,90.3,6809.583333333333,4.9,6,Poor
KGL_S1566,Kaggle,7.0,63.9,Male,18,2.7,86.7,5605.0,6.0,4,Insufficient
KGL_S1567,Kaggle,4.9,93.1,Male,24,4.7,71.2,7019.583333333332,7.1,10,Poor
KGL_S1568,Kaggle,7.8,89.8,Male,23,4.1,80.2,6890.416666666667,2.1,7,Adequate
KGL_S1569,Kaggle,6.2,100.0,Male,23,6.3,93.4,6699.583333333334,1.9,3,Insufficient
KGL_S1570,Kaggle,8.0,61.8,Male,22,3.2,74.5,5831.25,6.7,6,Adequate
KGL_S1571,Kaggle,7.1,51.5,Male,19,3.0,59.7,5055.0,5.4,4,Adequate
KGL_S1572,Kaggle,5.0,60.4,Male,17,3.5,82.7,5713.333333333334,3.2,3,Poor
KGL_S1573,Kaggle,8.2,67.2,Male,18,3.0,83.6,5610.833333333333,3.4,3,Optimal
KGL_S1574,Kaggle,8.4,89.6,Other,23,4.7,86.4,5347.499999999999,7.6000000000000005,2,Optimal
KGL_S1575,Kaggle,7.6,48.3,Male,22,1.1,92.3,5411.666666666667,3.5999999999999996,3,Adequate
KGL_S1576,Kaggle,5.6,61.7,Male,21,1.9,91.4,7326.666666666667,3.4000000000000004,10,Poor
KGL_S1577,Kaggle,6.1,44.4,Female,22,1.9,87.6,4867.083333333333,4.5,1,Insufficient
KGL_S1578,Kaggle,6.7,77.2,Male,18,4.9,97.0,6091.666666666667,5.800000000000001,3,Insufficient
KGL_S1579,Kaggle,5.7,100.0,Female,18,6.1,69.8,7370.0,3.8,9,Poor
KGL_S1580,Kaggle,8.5,73.0,Female,22,3.3,90.0,6020.833333333334,4.0,4,Optimal
KGL_S1581,Kaggle,6.7,68.5,Male,17,3.2,91.3,5626.25,5.5,3,Insufficient
KGL_S1582,Kaggle,3.3,61.0,Male,20,3.6,72.6,6565.000000000001,4.800000000000001,8,Poor
KGL_S1583,Kaggle,6.9,70.5,Female,18,5.2,70.0,5041.666666666667,5.2,1,Insufficient
KGL_S1584,Kaggle,6.1,52.5,Female,22,2.1,77.5,6052.083333333333,0.7,5,Insufficient
KGL_S1585,Kaggle,6.4,62.8,Male,23,3.9,78.4,5137.083333333334,3.7,1,Insufficient
KGL_S1586,Kaggle,6.1,83.5,Female,22,5.0,92.5,7312.5,2.8,7,Insufficient
KGL_S1587,Kaggle,7.5,71.4,Male,19,4.3,78.9,6295.416666666667,3.1,5,Adequate
KGL_S1588,Kaggle,7.8,61.5,Other,20,3.8,76.4,5035.0,6.4,2,Adequate
KGL_S1589,Kaggle,6.8,75.4,Male,21,5.0,78.9,5503.750000000001,2.5,1,Insufficient
KGL_S1590,Kaggle,6.1,42.0,Female,17,0.0,96.2,6050.833333333333,5.8,7,Insufficient
KGL_S1591,Kaggle,6.5,64.0,Female,24,4.5,85.1,5127.5,6.6000000000000005,1,Insufficient
KGL_S1592,Kaggle,6.5,60.1,Female,21,2.5,83.2,5319.583333333333,5.1,3,Insufficient
KGL_S1593,Kaggle,5.5,34.7,Female,20,0.8,83.9,5889.166666666667,3.5999999999999996,6,Poor
KGL_S1594,Kaggle,7.2,88.0,Male,20,4.3,97.9,6989.166666666668,3.4,6,Adequate
KGL_S1595,Kaggle,7.1,100.0,Male,20,5.6,77.5,7145.833333333333,2.0,7,Adequate
KGL_S1596,Kaggle,8.3,66.1,Male,21,3.3,98.2,5413.333333333333,4.6,1,Optimal
KGL_S1597,Kaggle,8.0,95.5,Male,23,4.9,87.1,6865.000000000001,5.6,7,Adequate
KGL_S1598,Kaggle,5.7,86.4,Female,20,5.9,83.4,5980.833333333334,3.2,2,Poor
KGL_S1599,Kaggle,7.5,77.3,Male,22,5.5,100.0,7125.0,5.0,6,Adequate
KGL_S1600,Kaggle,5.4,90.2,Male,21,6.0,74.4,7037.083333333334,5.5,8,Poor
KGL_S1601,Kaggle,7.3,80.2,Other,24,4.6,81.5,6402.083333333333,3.3,5,Adequate
KGL_S1602,Kaggle,5.9,72.9,Female,20,3.6,72.7,7098.75,4.5,10,Poor
KGL_S1603,Kaggle,5.3,35.8,Female,22,1.1,94.5,5383.333333333334,4.4,3,Poor
KGL_S1604,Kaggle,6.8,72.8,Other,23,3.1,100.0,7145.833333333334,4.8,8,Insufficient
KGL_S1605,Kaggle,3.3,67.6,Male,19,2.2,100.0,6906.25,5.3,8,Poor
KGL_S1606,Kaggle,4.4,93.1,Male,23,6.8,97.2,7013.333333333334,3.2,4,Poor
KGL_S1607,Kaggle,6.3,57.5,Female,24,3.2,83.0,6595.833333333334,6.2,8,Insufficient
KGL_S1608,Kaggle,6.6,61.1,Female,20,3.7,81.3,6095.0,4.4,5,Insufficient
KGL_S1609,Kaggle,6.1,77.4,Male,24,4.3,68.3,5988.75,3.5,5,Insufficient
KGL_S1610,Kaggle,4.6,69.6,Female,21,3.6,100.0,5958.333333333333,5.199999999999999,3,Poor
KGL_S1611,Kaggle,5.5,100.0,Male,18,6.0,89.7,7440.416666666667,2.9000000000000004,7,Poor
KGL_S1612,Kaggle,7.0,69.3,Male,20,2.6,80.1,6960.833333333333,3.1999999999999997,9,Insufficient
KGL_S1613,Kaggle,7.2,85.7,Female,18,3.8,98.3,7832.5,1.6,9,Adequate
KGL_S1614,Kaggle,6.5,53.9,Female,22,2.4,75.3,4934.583333333333,1.9,1,Insufficient
KGL_S1615,Kaggle,7.9,43.7,Female,19,1.5,89.1,4821.25,4.5,1,Adequate
KGL_S1616,Kaggle,7.0,79.3,Male,17,2.6,83.3,7395.0,2.2,10,Insufficient
KGL_S1617,Kaggle,5.6,71.3,Female,24,3.4,91.4,6472.499999999999,2.6,5,Poor
KGL_S1618,Kaggle,6.2,61.4,Male,23,2.9,84.4,5214.166666666667,2.4,1,Insufficient
KGL_S1619,Kaggle,4.8,45.1,Male,19,2.5,70.5,5283.333333333334,4.8,4,Poor
KGL_S1620,Kaggle,6.4,39.8,Female,20,1.4,85.8,4655.416666666667,5.1,1,Insufficient
KGL_S1621,Kaggle,7.8,70.7,Female,18,3.4,95.5,5772.916666666666,3.0999999999999996,2,Adequate
KGL_S1622,Kaggle,7.3,35.6,Female,23,1.2,84.7,5180.0,1.8,2,Adequate
KGL_S1623,Kaggle,8.2,93.0,Female,18,4.6,92.8,6601.25,1.7,4,Optimal
KGL_S1624,Kaggle,6.1,83.2,Female,21,3.6,74.5,6675.0,4.199999999999999,8,Insufficient
KGL_S1625,Kaggle,8.1,46.6,Female,18,1.3,84.7,5044.583333333333,3.3,2,Optimal
KGL_S1626,Kaggle,6.3,70.8,Male,21,3.0,78.8,6959.583333333333,3.7,9,Insufficient
KGL_S1627,Kaggle,8.3,78.3,Male,22,2.4,92.5,7385.416666666667,1.7000000000000002,9,Optimal
KGL_S1628,Kaggle,6.5,70.7,Male,23,4.0,85.3,5549.166666666667,4.0,2,Insufficient
KGL_S1629,Kaggle,7.3,82.6,Male,23,5.5,91.9,5578.750000000001,5.9,1,Adequate
KGL_S1630,Kaggle,8.3,50.3,Female,17,0.7,95.9,6959.999999999999,5.6,10,Optimal
KGL_S1631,Kaggle,6.3,80.9,Female,20,3.7,91.9,7745.416666666667,3.1,10,Insufficient
KGL_S1632,Kaggle,6.8,75.4,Male,21,3.3,87.7,7202.916666666667,4.1,9,Insufficient
KGL_S1633,Kaggle,8.0,83.7,Male,17,4.5,75.0,5510.416666666667,2.9,2,Adequate
KGL_S1634,Kaggle,6.3,76.8,Female,18,3.8,85.0,6968.75,4.3,8,Insufficient
KGL_S1635,Kaggle,4.9,45.8,Male,18,2.4,79.7,5440.416666666667,2.9,3,Poor
KGL_S1636,Kaggle,9.1,58.4,Female,17,3.0,81.6,4915.0,4.800000000000001,1,Optimal
KGL_S1637,Kaggle,5.9,70.3,Female,23,2.3,81.3,5011.666666666667,2.4,1,Poor
KGL_S1638,Kaggle,6.7,99.4,Female,18,5.1,75.2,7650.833333333332,2.8,10,Insufficient
KGL_S1639,Kaggle,7.9,62.9,Female,24,3.5,65.4,4989.166666666667,3.5999999999999996,2,Adequate
KGL_S1640,Kaggle,5.8,98.0,Female,22,6.4,78.3,7228.333333333333,3.0,7,Poor
KGL_S1641,Kaggle,5.3,74.7,Male,22,3.4,86.9,6287.083333333334,5.7,6,Poor
KGL_S1642,Kaggle,6.8,50.4,Female,24,2.4,71.5,4933.333333333334,3.4,2,Insufficient
KGL_S1643,Kaggle,4.3,49.4,Female,17,1.2,85.2,5536.25,3.3,4,Poor
KGL_S1644,Kaggle,6.2,35.3,Male,24,0.8,100.0,5333.333333333334,3.2,2,Insufficient
KGL_S1645,Kaggle,6.8,46.3,Female,21,1.1,95.2,5067.5,2.8,1,Insufficient
KGL_S1646,Kaggle,6.2,68.4,Female,21,3.9,100.0,6125.0,4.2,3,Insufficient
KGL_S1647,Kaggle,4.6,84.2,Female,17,4.3,88.9,6462.083333333334,1.5,4,Poor
KGL_S1648,Kaggle,8.4,54.6,Female,24,1.1,96.7,7011.25,6.1,10,Optimal
KGL_S1649,Kaggle,6.6,88.0,Female,21,4.8,77.8,6226.25,4.5,5,Insufficient
KGL_S1650,Kaggle,8.2,61.5,Female,23,2.8,78.6,5975.416666666666,3.0999999999999996,5,Optimal
KGL_S1651,Kaggle,6.2,75.7,Female,24,3.7,57.6,6044.166666666667,4.0,7,Insufficient
KGL_S1652,Kaggle,5.4,100.0,Female,23,5.9,96.9,8078.749999999999,5.5,10,Poor
KGL_S1653,Kaggle,6.8,82.6,Female,21,4.8,100.0,7583.333333333334,4.0,8,Insufficient
KGL_S1654,Kaggle,6.2,71.5,Female,22,3.1,79.5,6852.083333333334,5.1000000000000005,9,Insufficient
KGL_S1655,Kaggle,5.1,57.6,Female,21,2.2,82.5,6406.25,3.5,7,Poor
KGL_S1656,Kaggle,8.3,36.1,Male,23,0.3,77.5,5281.25,4.5,5,Optimal
KGL_S1657,Kaggle,5.8,67.4,Female,19,2.4,88.8,6990.833333333333,4.6,9,Poor
KGL_S1658,Kaggle,4.3,74.8,Female,20,3.2,96.2,7113.333333333334,4.4,8,Poor
KGL_S1659,Kaggle,8.1,73.6,Male,18,2.0,67.6,7033.749999999999,0.7,10,Optimal
KGL_S1660,Kaggle,5.9,79.5,Female,24,3.3,89.1,7290.000000000001,3.6,9,Poor
KGL_S1661,Kaggle,5.8,62.5,Male,19,3.6,82.2,7221.666666666667,5.6,10,Poor
KGL_S1662,Kaggle,4.4,76.3,Male,21,3.2,86.1,6881.666666666666,4.2,8,Poor
KGL_S1663,Kaggle,8.6,75.6,Female,22,2.5,89.6,6469.166666666666,2.8,6,Optimal
KGL_S1664,Kaggle,5.0,64.4,Male,17,3.8,83.1,6004.583333333333,3.5,4,Poor
KGL_S1665,Kaggle,6.6,75.3,Female,21,4.2,84.0,6933.333333333333,7.6,9,Insufficient
KGL_S1666,Kaggle,7.6,50.4,Female,22,1.9,82.9,6749.583333333334,4.5,9,Adequate
KGL_S1667,Kaggle,7.0,100.0,Female,20,5.6,94.7,8044.583333333334,4.699999999999999,10,Insufficient
KGL_S1668,Kaggle,6.4,76.4,Male,21,3.4,89.2,7240.416666666667,6.7,10,Insufficient
KGL_S1669,Kaggle,4.5,69.9,Male,23,3.5,87.2,7200.833333333334,4.4,9,Poor
KGL_S1670,Kaggle,5.5,88.9,Female,17,4.6,72.3,7547.083333333333,2.1,10,Poor
KGL_S1671,Kaggle,6.7,70.4,Other,22,3.8,81.2,5800.833333333334,2.5999999999999996,3,Insufficient
KGL_S1672,Kaggle,5.6,69.4,Female,22,4.9,94.0,5860.416666666667,7.300000000000001,3,Poor
KGL_S1673,Kaggle,6.7,84.9,Male,22,3.9,85.4,6697.499999999999,2.4000000000000004,6,Insufficient
KGL_S1674,Kaggle,7.3,63.6,Female,20,2.6,91.6,6529.583333333333,2.9000000000000004,6,Adequate
KGL_S1675,Kaggle,7.7,82.2,Female,21,4.0,100.0,6968.75,3.5,6,Adequate
KGL_S1676,Kaggle,5.0,37.4,Female,20,1.8,95.4,5676.666666666667,8.0,5,Poor
KGL_S1677,Kaggle,9.1,73.8,Male,24,3.7,85.9,5970.416666666667,6.7,5,Optimal
KGL_S1678,Kaggle,7.4,53.4,Female,18,3.5,79.9,5112.083333333334,5.9,2,Adequate
KGL_S1679,Kaggle,6.5,64.2,Female,18,3.2,59.5,6008.333333333334,3.8,7,Insufficient
KGL_S1680,Kaggle,7.8,70.4,Other,24,3.3,83.3,5853.333333333333,4.0,4,Adequate
KGL_S1681,Kaggle,9.3,51.5,Male,21,0.7,81.7,5261.25,1.7,3,Optimal
KGL_S1682,Kaggle,4.8,53.4,Female,23,2.7,88.9,6534.999999999999,7.199999999999999,8,Poor
KGL_S1683,Kaggle,6.2,77.2,Female,20,3.6,83.5,6191.666666666667,1.4000000000000001,4,Insufficient
KGL_S1684,Kaggle,3.6,59.8,Male,17,3.7,81.8,5649.166666666667,6.4,4,Poor
KGL_S1685,Kaggle,6.7,55.4,Female,22,2.0,67.2,6190.416666666667,3.9000000000000004,8,Insufficient
KGL_S1686,Kaggle,6.9,69.9,Female,22,5.4,75.6,5265.0,4.8,1,Insufficient
KGL_S1687,Kaggle,6.5,71.6,Male,21,2.2,89.8,7161.666666666666,2.8,9,Insufficient
KGL_S1688,Kaggle,5.7,92.9,Male,23,5.0,100.0,7437.5,3.4000000000000004,7,Poor
KGL_S1689,Kaggle,4.0,72.4,Female,18,4.1,84.0,5735.416666666666,2.1,2,Poor
KGL_S1690,Kaggle,6.9,70.5,Male,18,2.5,88.3,6415.833333333333,3.0,6,Insufficient
KGL_S1691,Kaggle,8.2,100.0,Female,22,6.2,94.5,7550.0,5.8,8,Optimal
KGL_S1692,Kaggle,5.8,37.4,Male,21,1.7,76.9,5568.333333333334,4.4,5,Poor
KGL_S1693,Kaggle,7.0,88.7,Female,20,4.9,88.7,6884.166666666667,3.4,6,Insufficient
KGL_S1694,Kaggle,4.6,88.6,Male,18,5.0,77.6,7419.166666666666,5.4,10,Poor
KGL_S1695,Kaggle,7.0,68.5,Female,20,2.5,93.6,6996.250000000001,3.5,8,Insufficient
KGL_S1696,Kaggle,6.0,100.0,Other,23,5.6,86.5,7131.25,1.9000000000000001,6,Poor
KGL_S1697,Kaggle,5.6,66.9,Other,18,3.1,88.0,7106.25,4.7,9,Poor
KGL_S1698,Kaggle,5.6,71.5,Female,18,3.9,77.2,6982.083333333332,4.9,9,Poor
KGL_S1699,Kaggle,6.0,77.8,Male,19,3.9,92.1,7417.083333333333,4.300000000000001,9,Poor
KGL_S1700,Kaggle,7.0,67.7,Female,18,3.3,100.0,6854.166666666667,3.2,6,Insufficient
KGL_S1701,Kaggle,4.9,96.4,Male,24,4.7,74.9,7184.999999999999,4.0,9,Poor
KGL_S1702,Kaggle,6.0,83.1,Male,17,4.7,81.6,5956.666666666666,3.0,3,Poor
KGL_S1703,Kaggle,6.5,37.9,Male,24,0.9,87.3,5609.583333333333,4.9,5,Insufficient
KGL_S1704,Kaggle,5.2,76.3,Female,21,5.5,92.9,6010.000000000001,4.4,2,Poor
KGL_S1705,Kaggle,8.7,52.6,Female,21,1.0,79.4,6370.416666666667,3.1,8,Optimal
KGL_S1706,Kaggle,5.5,83.6,Female,20,5.0,56.7,5573.75,3.7,4,Poor
KGL_S1707,Kaggle,5.7,92.0,Male,24,5.2,98.6,7027.500000000001,5.0,6,Poor
KGL_S1708,Kaggle,5.3,53.2,Male,24,1.9,92.6,6179.583333333333,5.1,6,Poor
KGL_S1709,Kaggle,8.7,56.4,Other,24,2.9,67.6,5325.416666666666,6.9,5,Optimal
KGL_S1710,Kaggle,7.2,58.1,Male,23,1.8,78.9,4889.166666666667,2.0,1,Adequate
KGL_S1711,Kaggle,5.4,70.9,Male,18,3.2,100.0,6885.416666666667,5.1,7,Poor
KGL_S1712,Kaggle,7.8,98.7,Male,17,3.0,99.5,8050.0,0.6,10,Adequate
KGL_S1713,Kaggle,6.7,83.3,Female,20,4.7,94.4,7630.833333333334,2.0,8,Insufficient
KGL_S1714,Kaggle,6.8,80.6,Female,24,5.5,83.2,5611.25,3.5,1,Insufficient
KGL_S1715,Kaggle,6.1,91.3,Male,24,5.6,85.8,7842.916666666668,4.5,10,Insufficient
KGL_S1716,Kaggle,5.6,63.5,Male,19,2.7,83.7,6467.5,4.199999999999999,7,Poor
KGL_S1717,Kaggle,6.9,66.3,Female,20,3.2,96.3,6178.333333333333,3.8,4,Insufficient
KGL_S1718,Kaggle,5.8,49.9,Female,24,1.0,76.2,5800.833333333333,3.0,6,Poor
KGL_S1719,Kaggle,8.7,68.9,Male,20,2.3,76.9,6745.416666666667,3.9,9,Optimal
KGL_S1720,Kaggle,5.0,94.2,Female,18,4.9,95.1,6929.583333333333,2.1,5,Poor
KGL_S1721,Kaggle,8.3,100.0,Male,19,5.9,84.6,7635.833333333332,2.0,8,Optimal
KGL_S1722,Kaggle,6.4,58.6,Male,20,1.6,98.8,6365.833333333333,1.8,5,Insufficient
KGL_S1723,Kaggle,6.9,53.2,Female,17,2.6,78.3,5103.333333333333,3.8,2,Insufficient
KGL_S1724,Kaggle,7.5,70.5,Male,17,3.5,84.5,6164.583333333334,1.7,4,Adequate
KGL_S1725,Kaggle,5.7,64.0,Female,21,3.9,75.8,5259.583333333333,4.3,2,Poor
KGL_S1726,Kaggle,7.5,77.4,Male,19,2.3,85.1,6658.750000000001,1.9,7,Adequate
KGL_S1727,Kaggle,3.3,57.4,Male,19,4.1,70.2,6255.0,5.800000000000001,7,Poor
KGL_S1728,Kaggle,5.6,59.9,Other,21,2.8,80.1,5419.166666666666,4.0,3,Poor
KGL_S1729,Kaggle,5.4,66.7,Male,20,3.5,70.6,6150.416666666666,5.7,7,Poor
KGL_S1730,Kaggle,5.0,58.4,Female,19,4.3,91.9,5391.250000000001,5.300000000000001,1,Poor
KGL_S1731,Kaggle,6.2,63.6,Male,17,3.5,92.2,5534.166666666667,2.4,1,Insufficient
KGL_S1732,Kaggle,7.0,62.6,Male,17,2.8,67.7,6577.916666666667,4.3,9,Insufficient
KGL_S1733,Kaggle,7.3,70.6,Male,24,3.3,98.3,6853.333333333333,2.8,6,Adequate
KGL_S1734,Kaggle,6.8,75.2,Female,18,3.4,100.0,6489.583333333334,4.5,5,Insufficient
KGL_S1735,Kaggle,5.7,50.1,Male,19,2.9,85.5,5689.583333333333,10.1,6,Poor
KGL_S1736,Kaggle,6.9,72.8,Female,20,3.1,78.6,6267.083333333333,3.3,6,Insufficient
KGL_S1737,Kaggle,6.6,72.7,Male,21,5.9,100.0,5729.166666666667,7.199999999999999,1,Insufficient
KGL_S1738,Kaggle,7.6,76.0,Other,21,4.3,71.8,5972.083333333333,4.5,5,Adequate
KGL_S1739,Kaggle,7.4,74.1,Male,20,3.1,85.2,7005.0,5.0,9,Adequate
KGL_S1740,Kaggle,6.5,79.0,Female,23,4.5,86.8,6232.5,3.5999999999999996,4,Insufficient
KGL_S1741,Kaggle,5.4,51.3,Female,22,3.0,98.5,5952.083333333333,3.7,3,Poor
KGL_S1742,Kaggle,5.7,71.0,Female,18,5.3,88.6,5506.666666666666,5.4,1,Poor
KGL_S1743,Kaggle,5.8,76.4,Female,21,4.1,80.0,5468.75,3.7,2,Poor
KGL_S1744,Kaggle,6.1,52.6,Female,19,3.3,75.5,5377.083333333333,4.3,3,Insufficient
KGL_S1745,Kaggle,6.8,74.0,Female,18,4.2,81.6,5915.0,4.8,4,Insufficient
KGL_S1746,Kaggle,7.4,42.6,Male,19,1.1,74.9,5799.583333333334,5.3,7,Adequate
KGL_S1747,Kaggle,6.4,49.8,Male,23,1.8,85.5,6366.666666666667,1.4000000000000001,6,Insufficient
KGL_S1748,Kaggle,6.5,45.7,Female,17,1.7,79.4,6380.833333333334,4.4,8,Insufficient
KGL_S1749,Kaggle,6.7,77.2,Female,18,3.7,70.1,6752.500000000001,5.0,9,Insufficient
KGL_S1750,Kaggle,5.9,98.5,Female,24,6.1,97.6,7492.083333333333,2.1,6,Poor
KGL_S1751,Kaggle,5.4,96.2,Female,21,6.8,80.0,7156.25,4.9,7,Poor
KGL_S1752,Kaggle,4.4,71.3,Male,18,4.5,72.3,5776.25,4.5,4,Poor
KGL_S1753,Kaggle,5.7,59.2,Male,18,4.3,83.3,5530.416666666666,4.3,2,Poor
KGL_S1754,Kaggle,7.1,51.8,Female,18,0.8,85.7,6694.583333333332,3.5,9,Adequate
KGL_S1755,Kaggle,5.7,59.3,Male,22,2.7,67.5,6333.333333333334,6.4,9,Poor
KGL_S1756,Kaggle,6.2,58.5,Male,18,2.3,88.3,5770.0,4.0,4,Insufficient
KGL_S1757,Kaggle,7.1,44.5,Female,19,2.6,74.5,5060.416666666667,5.699999999999999,3,Adequate
KGL_S1758,Kaggle,7.1,75.4,Male,17,3.2,100.0,7604.166666666667,5.4,10,Adequate
KGL_S1759,Kaggle,5.2,54.9,Female,23,2.8,90.2,6234.166666666667,5.8,6,Poor
KGL_S1760,Kaggle,7.7,30.2,Male,20,0.5,81.0,4816.666666666667,5.4,3,Adequate
KGL_S1761,Kaggle,7.9,71.8,Female,18,4.6,77.5,5083.333333333333,5.4,1,Adequate
KGL_S1762,Kaggle,5.1,51.8,Male,21,1.9,84.0,5610.416666666666,3.6999999999999997,4,Poor
KGL_S1763,Kaggle,5.5,59.5,Male,18,3.9,91.1,5590.0,2.4,1,Poor
KGL_S1764,Kaggle,7.9,96.6,Male,21,6.6,84.7,6065.416666666667,4.1,2,Adequate
KGL_S1765,Kaggle,6.3,44.1,Male,19,2.1,82.8,5320.0,4.199999999999999,3,Insufficient
KGL_S1766,Kaggle,3.8,30.5,Male,21,0.0,85.6,6087.916666666666,5.3,8,Poor
KGL_S1767,Kaggle,4.8,63.7,Male,24,3.1,79.0,7089.583333333334,5.1,10,Poor
KGL_S1768,Kaggle,6.2,74.0,Female,20,5.2,81.6,6112.916666666666,4.9,4,Insufficient
KGL_S1769,Kaggle,5.1,98.8,Male,17,6.4,64.1,5842.083333333333,5.7,4,Poor
KGL_S1770,Kaggle,6.0,53.0,Female,21,1.7,94.7,7096.666666666667,6.0,10,Poor
KGL_S1771,Kaggle,6.5,84.6,Female,21,4.2,88.0,7252.083333333334,5.5,9,Insufficient
KGL_S1772,Kaggle,8.3,73.0,Female,17,2.8,77.3,6328.333333333333,4.199999999999999,7,Optimal
KGL_S1773,Kaggle,6.2,57.1,Male,20,3.3,100.0,5541.666666666667,6.2,2,Insufficient
KGL_S1774,Kaggle,7.8,100.0,Female,18,7.5,85.9,6387.083333333334,5.5,3,Adequate
KGL_S1775,Kaggle,8.2,36.2,Male,21,1.2,74.6,4937.916666666666,6.5,4,Optimal
KGL_S1776,Kaggle,8.2,65.6,Male,17,3.9,93.6,6131.666666666666,5.0,4,Optimal
KGL_S1777,Kaggle,6.8,87.5,Other,24,4.2,89.0,7839.583333333334,2.5,10,Insufficient
KGL_S1778,Kaggle,4.1,100.0,Male,24,5.1,88.9,7587.083333333334,1.9,8,Poor
KGL_S1779,Kaggle,7.1,85.6,Female,19,3.6,80.7,7455.0,3.0,10,Adequate
KGL_S1780,Kaggle,7.8,89.4,Female,17,4.0,89.5,7456.25,5.9,10,Adequate
KGL_S1781,Kaggle,6.4,66.9,Female,19,2.9,82.4,6132.916666666667,5.1,6,Insufficient
KGL_S1782,Kaggle,8.6,56.0,Female,24,3.9,90.6,5869.166666666666,4.4,3,Optimal
KGL_S1783,Kaggle,7.5,77.9,Male,20,3.0,66.0,6785.416666666667,2.3,9,Adequate
KGL_S1784,Kaggle,7.2,91.3,Male,18,4.4,80.7,7496.666666666667,4.2,10,Adequate
KGL_S1785,Kaggle,7.8,68.4,Female,17,2.9,100.0,7197.916666666667,3.9,8,Adequate
KGL_S1786,Kaggle,6.9,85.3,Male,23,4.1,77.3,7015.833333333333,5.0,9,Insufficient
KGL_S1787,Kaggle,3.5,64.4,Male,24,3.5,79.0,6214.583333333334,2.3,5,Poor
KGL_S1788,Kaggle,5.9,82.8,Male,24,5.2,80.5,5950.0,3.8,3,Poor
KGL_S1789,Kaggle,7.9,78.0,Male,23,3.4,72.9,5937.083333333334,0.9,4,Adequate
KGL_S1790,Kaggle,5.5,31.5,Male,22,0.8,62.9,4832.916666666667,6.3,5,Poor
KGL_S1791,Kaggle,6.2,92.3,Male,24,5.4,82.7,7494.583333333332,4.3,9,Insufficient
KGL_S1792,Kaggle,5.2,50.1,Female,21,2.1,86.4,6587.083333333334,7.300000000000001,9,Poor
KGL_S1793,Kaggle,8.6,49.4,Female,20,2.5,84.5,5185.416666666667,6.699999999999999,3,Optimal
KGL_S1794,Kaggle,8.5,80.3,Female,17,2.6,83.6,6610.833333333333,2.5999999999999996,7,Optimal
KGL_S1795,Kaggle,5.4,89.7,Male,23,5.6,85.4,6707.916666666667,5.699999999999999,6,Poor
KGL_S1796,Kaggle,6.7,33.6,Male,21,0.3,95.2,5390.416666666667,5.3,4,Insufficient
KGL_S1797,Kaggle,5.7,100.0,Male,23,8.2,83.1,7150.416666666666,3.7,5,Poor
KGL_S1798,Kaggle,7.2,90.6,Female,17,5.1,79.3,7326.249999999999,6.9,10,Adequate
KGL_S1799,Kaggle,7.1,66.3,Female,19,3.8,82.2,5513.333333333334,3.2,2,Adequate
KGL_S1800,Kaggle,7.5,86.1,Male,17,3.4,90.8,6967.916666666668,2.5,7,Adequate
KGL_S1801,Kaggle,6.9,65.5,Female,22,3.9,99.1,6196.25,5.7,4,Insufficient
KGL_S1802,Kaggle,10.0,82.9,Male,17,4.3,78.7,5467.5,3.8,2,Optimal
KGL_S1803,Kaggle,5.3,76.3,Female,17,4.5,86.0,6691.666666666667,3.8,6,Poor
KGL_S1804,Kaggle,4.4,59.0,Female,22,4.3,88.4,5574.583333333334,5.1,2,Poor
KGL_S1805,Kaggle,6.0,76.1,Female,20,3.6,75.1,7169.166666666666,4.4,10,Poor
KGL_S1806,Kaggle,4.6,40.3,Female,24,3.2,85.2,5275.833333333333,5.0,2,Poor
KGL_S1807,Kaggle,4.7,65.2,Female,17,3.3,70.3,6507.5,1.8,7,Poor
KGL_S1808,Kaggle,5.3,43.9,Male,22,3.2,67.3,4651.25,4.3,1,Poor
KGL_S1809,Kaggle,5.4,89.5,Female,21,5.2,88.7,6925.833333333332,6.0,7,Poor
KGL_S1810,Kaggle,5.4,80.7,Male,19,4.4,81.2,7780.0,1.5999999999999999,10,Poor
KGL_S1811,Kaggle,7.1,53.0,Female,19,0.0,87.0,5612.5,3.0,5,Adequate
KGL_S1812,Kaggle,5.9,70.6,Female,17,4.5,84.8,5484.583333333333,3.1,1,Poor
KGL_S1813,Kaggle,6.3,65.5,Female,20,3.8,75.2,5963.333333333333,6.800000000000001,6,Insufficient
KGL_S1814,Kaggle,7.6,75.1,Male,20,3.5,84.5,6487.5,5.800000000000001,7,Adequate
KGL_S1815,Kaggle,5.6,43.5,Female,21,2.9,72.7,4692.5,4.6,1,Poor
KGL_S1816,Kaggle,6.2,80.6,Female,17,5.2,98.9,7639.166666666668,6.4,9,Insufficient
KGL_S1817,Kaggle,6.9,88.2,Female,19,4.9,71.4,6545.416666666667,4.9,7,Insufficient
KGL_S1818,Kaggle,4.2,48.5,Male,20,2.3,83.0,4720.833333333333,5.6,1,Poor
KGL_S1819,Kaggle,3.6,67.3,Male,17,4.1,74.6,5625.416666666666,3.3000000000000003,3,Poor
KGL_S1820,Kaggle,6.9,50.7,Male,23,2.0,90.7,5798.75,6.1,5,Insufficient
KGL_S1821,Kaggle,7.1,35.4,Male,20,1.4,81.7,5042.5,7.6,4,Adequate
KGL_S1822,Kaggle,9.0,49.1,Female,22,2.6,79.8,4630.416666666667,8.7,2,Optimal
KGL_S1823,Kaggle,6.7,85.4,Male,23,4.8,93.5,5733.333333333334,3.4,1,Insufficient
KGL_S1824,Kaggle,7.5,83.9,Other,24,4.9,85.3,6382.5,2.6,4,Adequate
KGL_S1825,Kaggle,6.3,90.4,Male,20,4.3,90.2,7265.416666666667,1.3,7,Insufficient
KGL_S1826,Kaggle,6.9,87.8,Male,19,4.6,75.2,5838.333333333333,4.8,4,Insufficient
KGL_S1827,Kaggle,8.5,87.5,Female,18,4.3,71.0,7025.0,3.8,9,Optimal
KGL_S1828,Kaggle,4.0,58.2,Female,23,2.5,86.1,6652.500000000001,5.0,8,Poor
KGL_S1829,Kaggle,7.0,73.2,Female,24,4.1,81.8,6742.916666666668,6.300000000000001,8,Insufficient
KGL_S1830,Kaggle,9.1,83.5,Female,21,4.7,91.3,6563.75,4.3,5,Optimal
KGL_S1831,Kaggle,6.8,77.6,Female,21,4.6,84.2,5344.583333333333,4.5,1,Insufficient
KGL_S1832,Kaggle,8.5,98.4,Male,19,5.3,87.1,7760.833333333332,2.6,9,Optimal
KGL_S1833,Kaggle,5.7,78.5,Other,20,4.6,68.8,5178.333333333333,4.800000000000001,2,Poor
KGL_S1834,Kaggle,6.5,81.1,Other,17,4.0,100.0,7187.5,1.4,6,Insufficient
KGL_S1835,Kaggle,6.5,100.0,Female,20,5.1,83.4,7689.166666666667,4.4,10,Insufficient
KGL_S1836,Kaggle,3.8,58.7,Male,19,3.5,92.0,6487.5,2.8,5,Poor
KGL_S1837,Kaggle,5.1,62.6,Female,21,2.2,76.6,7123.333333333333,2.4,10,Poor
KGL_S1838,Kaggle,5.2,60.3,Male,20,3.3,88.1,6712.916666666666,6.5,8,Poor
KGL_S1839,Kaggle,7.5,63.9,Male,21,2.4,72.0,5081.25,4.5,3,Adequate
KGL_S1840,Kaggle,7.5,80.0,Male,23,2.5,89.5,6643.75,1.1,6,Adequate
KGL_S1841,Kaggle,6.9,62.6,Male,24,3.3,81.4,6378.75,3.3,6,Insufficient
KGL_S1842,Kaggle,7.5,71.4,Female,17,2.3,85.3,7215.833333333333,3.8,10,Adequate
KGL_S1843,Kaggle,6.3,60.6,Female,23,3.0,92.0,5435.416666666666,7.1,3,Insufficient
KGL_S1844,Kaggle,7.9,47.2,Female,21,0.7,72.7,5848.75,3.5,7,Adequate
KGL_S1845,Kaggle,6.5,78.1,Male,21,3.8,78.2,5892.5,3.4,4,Insufficient
KGL_S1846,Kaggle,6.6,75.5,Male,18,3.5,89.6,6396.25,3.1,5,Insufficient
KGL_S1847,Kaggle,6.2,73.5,Male,18,2.3,100.0,7552.083333333333,1.7000000000000002,9,Insufficient
KGL_S1848,Kaggle,7.3,74.6,Other,23,4.5,83.6,6496.250000000001,5.1,6,Adequate
KGL_S1849,Kaggle,6.0,98.7,Male,22,4.9,90.9,7835.000000000001,4.4,10,Poor
KGL_S1850,Kaggle,7.7,49.2,Female,23,1.1,83.9,5389.166666666667,4.2,4,Adequate
KGL_S1851,Kaggle,5.1,67.4,Female,18,2.4,100.0,7041.666666666667,4.3999999999999995,8,Poor
KGL_S1852,Kaggle,5.2,72.5,Male,21,2.3,67.5,6739.583333333333,1.7,9,Poor
KGL_S1853,Kaggle,7.3,68.4,Female,19,2.1,85.9,7293.333333333334,2.8,10,Adequate
KGL_S1854,Kaggle,6.4,70.0,Female,23,4.7,68.7,6082.083333333333,3.5,5,Insufficient
KGL_S1855,Kaggle,6.0,56.1,Female,21,3.2,59.9,4653.749999999999,4.9,2,Poor
KGL_S1856,Kaggle,7.6,81.5,Female,19,3.1,88.0,6637.5,2.0,6,Adequate
KGL_S1857,Kaggle,5.8,45.0,Male,19,0.5,86.4,6493.333333333334,2.6,8,Poor
KGL_S1858,Kaggle,6.3,84.4,Male,18,4.5,82.2,6409.166666666667,3.2,5,Insufficient
KGL_S1859,Kaggle,8.2,36.8,Female,23,1.6,83.9,4670.416666666667,4.9,1,Optimal
KGL_S1860,Kaggle,8.3,65.6,Female,20,3.6,100.0,6906.25,8.1,8,Optimal
KGL_S1861,Kaggle,8.4,93.5,Male,17,3.9,82.4,7403.749999999999,2.1,9,Optimal
KGL_S1862,Kaggle,6.2,93.7,Female,18,5.5,90.1,5940.0,2.0,1,Insufficient
KGL_S1863,Kaggle,8.0,42.3,Female,18,1.5,78.5,6087.5,6.6,8,Adequate
KGL_S1864,Kaggle,5.4,53.3,Female,20,0.0,88.0,7054.166666666667,1.4000000000000001,10,Poor
KGL_S1865,Kaggle,5.4,65.9,Male,17,3.8,82.6,5502.5,3.4,2,Poor
KGL_S1866,Kaggle,3.7,87.9,Female,21,6.2,80.9,6439.166666666667,3.6,4,Poor
KGL_S1867,Kaggle,8.5,94.5,Female,22,5.4,100.0,6156.25,4.5,2,Optimal
KGL_S1868,Kaggle,5.5,77.8,Male,23,3.8,96.8,5638.75,5.5,2,Poor
KGL_S1869,Kaggle,6.3,74.6,Male,22,2.8,86.4,7201.666666666667,5.2,10,Insufficient
KGL_S1870,Kaggle,5.4,67.5,Other,21,4.7,62.0,5497.916666666666,2.7,3,Poor
KGL_S1871,Kaggle,7.3,66.5,Male,24,2.0,81.4,6753.749999999999,1.9,8,Adequate
KGL_S1872,Kaggle,6.0,78.4,Female,18,4.2,100.0,6510.416666666666,3.5,4,Poor
KGL_S1873,Kaggle,4.9,84.9,Female,17,4.3,82.7,7077.916666666667,1.3,7,Poor
KGL_S1874,Kaggle,7.0,96.6,Male,18,5.1,96.0,8097.916666666666,3.5,10,Insufficient
KGL_S1875,Kaggle,4.8,100.0,Female,19,7.6,99.4,6703.750000000001,5.9,3,Poor
KGL_S1876,Kaggle,5.5,83.1,Male,18,4.1,87.2,7565.416666666667,4.5,10,Poor
KGL_S1877,Kaggle,4.0,36.9,Female,18,2.7,76.6,5279.583333333333,4.300000000000001,3,Poor
KGL_S1878,Kaggle,4.8,60.0,Male,21,3.5,60.6,4921.25,3.1,2,Poor
KGL_S1879,Kaggle,6.7,44.3,Female,21,0.8,91.8,6117.916666666667,3.3,6,Insufficient
KGL_S1880,Kaggle,4.1,41.6,Male,21,2.5,76.9,5901.666666666667,5.2,6,Poor
KGL_S1881,Kaggle,4.7,45.5,Male,22,2.9,86.8,4972.083333333333,5.300000000000001,1,Poor
KGL_S1882,Kaggle,6.5,68.2,Other,19,2.7,72.5,6437.5,1.8,7,Insufficient
KGL_S1883,Kaggle,5.8,75.5,Male,24,3.7,82.3,5817.916666666666,4.9,4,Poor
KGL_S1884,Kaggle,8.9,40.9,Female,24,2.3,85.3,5215.833333333333,6.199999999999999,3,Optimal
KGL_S1885,Kaggle,8.7,100.0,Male,21,5.2,87.7,7640.416666666667,1.3,8,Optimal
KGL_S1886,Kaggle,5.5,65.6,Female,17,3.5,73.9,4899.583333333334,6.5,2,Poor
KGL_S1887,Kaggle,7.2,75.9,Male,22,3.5,97.0,7175.0,7.0,9,Adequate
KGL_S1888,Kaggle,7.4,69.8,Other,20,3.0,79.0,6610.416666666667,4.7,8,Adequate
KGL_S1889,Kaggle,5.8,66.6,Male,17,3.7,68.3,6342.916666666666,6.1,8,Poor
KGL_S1890,Kaggle,4.7,84.5,Male,23,4.7,83.9,6128.75,1.9,3,Poor
KGL_S1891,Kaggle,6.5,65.6,Male,23,2.2,85.3,5715.833333333333,3.6,4,Insufficient
KGL_S1892,Kaggle,6.3,46.8,Male,17,2.5,86.6,5217.083333333333,4.5,2,Insufficient
KGL_S1893,Kaggle,6.0,67.7,Female,21,3.0,98.6,5715.0,3.6,2,Poor
KGL_S1894,Kaggle,7.0,45.4,Male,20,1.5,82.6,5325.416666666666,5.3,4,Insufficient
KGL_S1895,Kaggle,5.6,57.0,Female,20,2.3,83.8,6209.583333333333,3.5,6,Poor
KGL_S1896,Kaggle,5.1,58.4,Male,22,2.8,74.0,5641.666666666666,5.2,5,Poor
KGL_S1897,Kaggle,6.6,70.8,Male,20,4.8,93.2,5559.166666666666,5.0,1,Insufficient
KGL_S1898,Kaggle,7.0,75.7,Female,23,3.9,86.8,7565.833333333333,4.0,10,Insufficient
KGL_S1899,Kaggle,5.1,55.7,Female,19,3.8,80.8,5197.083333333333,3.5,1,Poor
KGL_S1900,Kaggle,7.6,82.1,Male,21,4.8,66.0,6077.083333333334,5.5,6,Adequate
KGL_S1901,Kaggle,4.4,71.4,Male,20,3.3,99.4,5985.0,4.2,3,Poor
KGL_S1902,Kaggle,5.8,66.7,Male,22,4.1,72.7,5588.333333333334,3.2,3,Poor
KGL_S1903,Kaggle,6.2,70.9,Female,23,3.3,79.1,6487.916666666666,4.1,7,Insufficient
KGL_S1904,Kaggle,5.7,73.0,Female,19,3.9,88.6,5631.666666666666,1.4,1,Poor
KGL_S1905,Kaggle,5.8,53.9,Male,18,2.6,73.0,4700.0,4.0,1,Poor
KGL_S1906,Kaggle,8.7,43.4,Female,18,0.0,70.1,6065.000000000001,6.6,10,Optimal
KGL_S1907,Kaggle,5.5,55.4,Female,19,3.3,63.8,5053.333333333333,4.6,3,Poor
KGL_S1908,Kaggle,9.4,100.0,Female,23,5.6,92.2,7627.916666666667,3.3,8,Optimal
KGL_S1909,Kaggle,7.0,71.8,Female,22,4.9,79.5,5102.083333333334,6.3,1,Insufficient
KGL_S1910,Kaggle,6.6,89.2,Male,19,4.9,100.0,8166.666666666667,3.4,10,Insufficient
KGL_S1911,Kaggle,7.1,83.9,Male,21,5.4,75.1,5929.583333333333,5.5,4,Adequate
KGL_S1912,Kaggle,9.5,89.1,Male,21,3.6,75.8,7103.333333333333,2.8000000000000003,9,Optimal
KGL_S1913,Kaggle,5.3,53.5,Male,18,3.8,79.3,5638.75,6.1,4,Poor
KGL_S1914,Kaggle,5.2,72.9,Female,20,2.6,87.4,7424.583333333334,2.9000000000000004,10,Poor
KGL_S1915,Kaggle,5.6,61.0,Female,22,3.0,80.3,6445.0,6.6,8,Poor
KGL_S1916,Kaggle,6.5,69.1,Male,18,4.4,91.1,6944.166666666666,4.8,7,Insufficient
KGL_S1917,Kaggle,4.4,77.2,Male,20,5.3,75.2,5900.833333333334,3.2,3,Poor
KGL_S1918,Kaggle,6.5,71.9,Male,20,3.3,71.2,6280.0,4.199999999999999,7,Insufficient
KGL_S1919,Kaggle,8.5,74.7,Female,24,2.8,67.0,6122.916666666666,3.7,7,Optimal
KGL_S1920,Kaggle,6.7,74.5,Male,21,3.5,62.8,6632.5,6.4,10,Insufficient
KGL_S1921,Kaggle,6.1,85.4,Female,23,4.4,79.8,5776.25,3.7,3,Insufficient
KGL_S1922,Kaggle,5.8,44.3,Male,17,1.3,82.0,4935.416666666666,3.7,2,Poor
KGL_S1923,Kaggle,7.6,53.4,Male,23,0.1,78.7,6613.333333333332,1.2,9,Adequate
KGL_S1924,Kaggle,5.5,57.4,Other,17,2.7,97.4,5174.583333333334,5.5,1,Poor
KGL_S1925,Kaggle,8.7,53.6,Other,19,1.7,97.3,6567.916666666668,4.5,7,Optimal
KGL_S1926,Kaggle,8.8,58.8,Male,21,2.7,81.7,5573.75,5.1,4,Optimal
KGL_S1927,Kaggle,6.8,43.5,Female,20,3.3,67.1,4750.416666666666,5.9,2,Insufficient
KGL_S1928,Kaggle,6.5,65.6,Female,22,2.8,79.3,5222.083333333333,3.3000000000000003,2,Insufficient
KGL_S1929,Kaggle,7.7,89.8,Female,17,5.7,79.0,7235.416666666667,4.1,8,Adequate
KGL_S1930,Kaggle,7.8,89.5,Male,23,4.0,78.4,6949.583333333334,0.8999999999999999,7,Adequate
KGL_S1931,Kaggle,5.5,68.8,Female,20,4.0,78.0,6325.0,6.8,7,Poor
KGL_S1932,Kaggle,5.9,76.8,Female,17,4.4,78.5,6202.083333333334,4.1,5,Poor
KGL_S1933,Kaggle,4.9,47.5,Female,17,1.8,81.1,6881.666666666666,5.0,10,Poor
KGL_S1934,Kaggle,7.0,89.3,Male,24,5.1,78.6,7037.916666666666,4.7,8,Insufficient
KGL_S1935,Kaggle,7.3,62.0,Male,17,3.4,87.1,5396.25,4.7,2,Adequate
KGL_S1936,Kaggle,4.9,66.1,Male,22,4.5,88.6,5496.25,6.3,2,Poor
KGL_S1937,Kaggle,6.0,41.7,Female,21,1.9,75.9,5585.0,4.4,5,Poor
KGL_S1938,Kaggle,4.9,28.0,Male,22,1.2,97.7,5025.833333333334,4.0,1,Poor
KGL_S1939,Kaggle,5.4,71.0,Female,18,4.7,75.2,6327.916666666667,5.1,6,Poor
KGL_S1940,Kaggle,7.2,67.5,Other,20,4.1,68.8,5886.666666666667,1.8,4,Adequate
KGL_S1941,Kaggle,5.6,63.4,Male,21,2.1,88.8,6199.166666666667,4.4,6,Poor
KGL_S1942,Kaggle,6.1,50.2,Female,24,2.2,76.8,5815.833333333333,7.8,7,Insufficient
KGL_S1943,Kaggle,4.5,72.0,Male,21,5.2,88.2,5850.833333333334,6.6,3,Poor
KGL_S1944,Kaggle,6.7,67.9,Female,21,1.7,61.0,6035.416666666667,3.3,8,Insufficient
KGL_S1945,Kaggle,6.4,100.0,Male,23,6.0,98.9,7451.666666666667,5.0,7,Insufficient
KGL_S1946,Kaggle,5.6,55.0,Female,21,2.1,91.7,5230.0,2.4,1,Poor
KGL_S1947,Kaggle,6.3,59.9,Female,24,4.5,70.0,6010.416666666667,6.5,6,Insufficient
KGL_S1948,Kaggle,6.7,63.2,Female,22,3.0,70.2,6150.833333333333,4.6,7,Insufficient
KGL_S1949,Kaggle,5.5,84.5,Female,21,4.4,100.0,6666.666666666667,2.4,4,Poor
KGL_S1950,Kaggle,4.7,50.8,Female,19,2.7,77.6,5065.0,4.2,2,Poor
KGL_S1951,Kaggle,8.7,94.0,Female,20,3.3,76.7,7282.083333333332,3.1,10,Optimal
KGL_S1952,Kaggle,5.7,65.6,Female,21,3.6,62.3,6474.166666666668,5.6,9,Poor
KGL_S1953,Kaggle,6.4,61.7,Female,20,2.0,81.5,6589.583333333333,1.1,7,Insufficient
KGL_S1954,Kaggle,7.7,66.0,Male,19,4.6,82.7,5088.333333333334,6.6,1,Adequate
KGL_S1955,Kaggle,10.0,86.9,Female,19,2.7,92.2,6930.0,4.199999999999999,8,Optimal
KGL_S1956,Kaggle,5.0,59.6,Female,20,3.2,71.0,5295.833333333334,3.8,3,Poor
KGL_S1957,Kaggle,7.0,49.1,Female,17,2.0,69.8,5495.0,1.6,4,Insufficient
KGL_S1958,Kaggle,5.7,31.1,Male,18,0.0,89.5,5456.25,5.1,5,Poor
KGL_S1959,Kaggle,5.9,45.7,Female,23,3.2,95.1,5252.5,5.2,1,Poor
KGL_S1960,Kaggle,5.6,100.0,Male,17,7.1,69.3,6899.166666666668,3.0,6,Poor
KGL_S1961,Kaggle,5.1,81.1,Female,17,4.7,95.8,8020.0,3.4000000000000004,10,Poor
KGL_S1962,Kaggle,6.5,55.1,Male,22,3.5,85.4,6239.166666666667,6.0,6,Insufficient
KGL_S1963,Kaggle,4.7,53.3,Female,23,3.1,95.9,5616.250000000001,4.1,2,Poor
KGL_S1964,Kaggle,7.6,89.1,Other,23,3.5,84.3,7378.333333333333,4.4,10,Adequate
KGL_S1965,Kaggle,6.6,77.3,Male,17,4.3,59.8,5974.166666666667,4.0,6,Insufficient
KGL_S1966,Kaggle,7.0,56.4,Other,21,1.7,83.5,6837.5,1.0,8,Insufficient
KGL_S1967,Kaggle,5.9,76.1,Male,22,5.2,95.6,6650.416666666666,7.8999999999999995,6,Poor
KGL_S1968,Kaggle,6.1,74.6,Female,22,4.6,76.1,5985.833333333333,3.6,4,Insufficient
KGL_S1969,Kaggle,6.8,83.0,Female,19,4.6,81.1,5902.5,5.6,4,Insufficient
KGL_S1970,Kaggle,5.1,85.9,Female,24,4.2,83.2,7298.75,3.9,9,Poor
KGL_S1971,Kaggle,6.1,64.5,Female,23,3.5,56.0,5681.25,4.3,6,Insufficient
KGL_S1972,Kaggle,5.5,91.9,Female,17,4.5,100.0,7583.333333333334,3.4,8,Poor
KGL_S1973,Kaggle,5.4,74.6,Male,19,4.4,76.0,6535.416666666667,7.5,8,Poor
KGL_S1974,Kaggle,4.0,70.9,Male,20,3.0,90.1,6690.000000000001,4.2,7,Poor
KGL_S1975,Kaggle,8.1,66.7,Female,18,2.6,84.1,5435.833333333333,4.4,3,Optimal
KGL_S1976,Kaggle,5.7,77.4,Female,24,3.7,97.6,7658.750000000001,5.3,10,Poor
KGL_S1977,Kaggle,7.9,99.0,Female,24,5.8,89.1,5821.25,3.5,1,Adequate
KGL_S1978,Kaggle,7.8,43.5,Female,24,1.6,82.7,5536.25,5.9,5,Adequate
KGL_S1979,Kaggle,5.0,53.4,Male,22,1.3,76.1,6756.666666666666,4.0,10,Poor
KGL_S1980,Kaggle,5.2,81.0,Female,20,3.7,93.0,7470.833333333334,6.0,10,Poor
KGL_S1981,Kaggle,9.6,66.2,Male,24,3.6,66.3,5032.5,3.6,2,Optimal
KGL_S1982,Kaggle,8.6,88.0,Female,20,3.8,91.5,7600.0,4.6,10,Optimal
KGL_S1983,Kaggle,6.5,64.4,Male,21,3.9,74.0,5256.25,3.9000000000000004,2,Insufficient
KGL_S1984,Kaggle,6.8,82.4,Male,24,3.2,97.5,7031.25,3.1,7,Insufficient
KGL_S1985,Kaggle,5.7,80.9,Male,18,5.7,86.6,6279.583333333333,3.1,3,Poor
KGL_S1986,Kaggle,7.0,59.6,Male,20,1.1,91.4,6607.916666666667,3.9000000000000004,8,Insufficient
KGL_S1987,Kaggle,5.6,56.2,Female,20,2.3,85.8,7030.416666666668,3.3,9,Poor
KGL_S1988,Kaggle,4.1,72.5,Male,18,3.3,67.5,6500.0,3.5999999999999996,8,Poor
KGL_S1989,Kaggle,4.9,47.6,Male,24,1.0,76.4,5753.749999999999,3.5,6,Poor
KGL_S1990,Kaggle,6.5,63.6,Male,18,3.2,91.7,6167.5,5.2,5,Insufficient
KGL_S1991,Kaggle,5.1,85.3,Male,20,6.0,86.7,6136.25,5.1,3,Poor
KGL_S1992,Kaggle,6.4,71.8,Male,18,3.5,96.8,6201.25,1.9,3,Insufficient
KGL_S1993,Kaggle,5.2,70.9,Male,20,3.8,89.0,6943.75,3.1,7,Poor
KGL_S1994,Kaggle,5.6,41.7,Female,20,1.6,75.3,5528.333333333333,4.2,5,Poor
KGL_S1995,Kaggle,7.5,76.1,Female,21,2.6,77.0,6247.916666666667,2.1,6,Adequate
KGL_S1996,Kaggle,6.8,65.9,Female,17,2.9,86.0,6400.0,3.4,6,Insufficient
KGL_S1997,Kaggle,6.5,64.4,Male,20,3.0,61.9,6516.249999999999,3.9000000000000004,9,Insufficient
KGL_S1998,Kaggle,7.6,69.7,Male,24,5.4,100.0,5833.333333333333,5.199999999999999,1,Adequate
KGL_S1999,Kaggle,7.1,74.9,Female,19,4.3,89.4,7130.833333333334,4.8,8,Adequate
